candidate_id,title,date_raw,event_type_guess,snippet,source_url,source_page,crawl_time,query,date
512e21828589e2c3,展览,,exhibition,展览 UCCA北京 UCCA沙丘 UCCA陶 UCCA Edge UCCA Offsite,https://ucca.org.cn/exhibitions/,https://ucca.org.cn/exhibitions/,2026-02-11T23:04:22.010589,,
7b4b8c792bf084ed,,2026-01-31,exhibition,85新潮 艺术 展览 at DuckDuckGo All Regions Argentina Australia Austria Belgium (fr) Belgium (nl) Brazil Bulgaria Canada (en) Canada (fr) Catalonia Chile China Colombia Croatia Czech Republic Denmark Estonia Finland France Germany Greece Hong Kong Hungary Iceland India (en) Indonesia (en) Ireland Israel (en) Italy Japan Korea Latvia Lithuania Malaysia (en) Mexico Netherlands New Zealand Norway Pakistan (en) Peru Philippines (en) Poland Portugal Romania Russia Saudi Arabia Singapore Slovakia Slovenia So,https://duckduckgo.com/html/,https://duckduckgo.com/html/?q=85%E6%96%B0%E6%BD%AE%20%E8%89%BA%E6%9C%AF%20%E5%B1%95%E8%A7%88,2026-02-11T23:04:25.927742,85新潮,2026-01-31
063df082f8196826,项目,,other,项目 公共实践 会员 UCCA儿童 出版物 尤伦斯艺术基金会 图书馆和档案,https://ucca.org.cn/programs/,https://ucca.org.cn/exhibitions/,2026-02-11T23:13:01.897200+00:00,,
562db06c8a3fe29f,张能傑：成百上千,2026.1.17,other,张能傑：成百上千 2026.1.17 - 2026.4.12,https://ucca.org.cn/exhibitions/,https://ucca.org.cn/exhibitions/,2026-02-11T23:13:01.897533+00:00,,2026-01-17
86a7731bfefff2af,张能傑：成百上千,2026.1.17,other,张能傑：成百上千 2026.1.17 - 2026.4.12,https://ucca.org.cn/exhibitions/page/1/,https://ucca.org.cn/exhibitions/page/1/,2026-02-11T23:13:04.264388+00:00,,2026-01-17
d6de5d0f29d7b3dd,田中功起：临时共同体,2025.9.27,other,田中功起：临时共同体 2025.9.27 - 2026.1.4,https://ucca.org.cn/exhibitions/page/1/,https://ucca.org.cn/exhibitions/page/1/,2026-02-11T23:13:04.264538+00:00,,2025-09-27
a195072c91dd9035,皮皮乐迪·里思特：掌心宇宙,2025.7.19,other,皮皮乐迪·里思特：掌心宇宙 2025.7.19 - 2025.10.19,https://ucca.org.cn/exhibitions/page/1/,https://ucca.org.cn/exhibitions/page/1/,2026-02-11T23:13:04.264638+00:00,,2025-07-19
e839dd1d8dc34812,张能傑：成百上千,2026.1.17,other,张能傑：成百上千 2026.1.17 - 2026.4.12,https://ucca.org.cn/exhibitions/page/2/,https://ucca.org.cn/exhibitions/page/2/,2026-02-11T23:13:06.766988+00:00,,2026-01-17
a2e24952bcd9095d,田中功起：临时共同体,2025.9.27,other,田中功起：临时共同体 2025.9.27 - 2026.1.4,https://ucca.org.cn/exhibitions/page/2/,https://ucca.org.cn/exhibitions/page/2/,2026-02-11T23:13:06.767165+00:00,,2025-09-27
9e81b3dd856e3134,皮皮乐迪·里思特：掌心宇宙,2025.7.19,other,皮皮乐迪·里思特：掌心宇宙 2025.7.19 - 2025.10.19,https://ucca.org.cn/exhibitions/page/2/,https://ucca.org.cn/exhibitions/page/2/,2026-02-11T23:13:06.767315+00:00,,2025-07-19
e0ca5929ba98f75a,张能傑：成百上千,2026.1.17,other,张能傑：成百上千 2026.1.17 - 2026.4.12,https://ucca.org.cn/exhibitions/page/3/,https://ucca.org.cn/exhibitions/page/3/,2026-02-11T23:13:09.460360+00:00,,2026-01-17
a2b36e68b4525eb1,田中功起：临时共同体,2025.9.27,other,田中功起：临时共同体 2025.9.27 - 2026.1.4,https://ucca.org.cn/exhibitions/page/3/,https://ucca.org.cn/exhibitions/page/3/,2026-02-11T23:13:09.460473+00:00,,2025-09-27
8c9e98ee84966b51,皮皮乐迪·里思特：掌心宇宙,2025.7.19,other,皮皮乐迪·里思特：掌心宇宙 2025.7.19 - 2025.10.19,https://ucca.org.cn/exhibitions/page/3/,https://ucca.org.cn/exhibitions/page/3/,2026-02-11T23:13:09.460575+00:00,,2025-07-19
a25706eff34a85dc,张能傑：成百上千,2026.1.17,other,张能傑：成百上千 2026.1.17 - 2026.4.12,https://ucca.org.cn/exhibitions/page/4/,https://ucca.org.cn/exhibitions/page/4/,2026-02-11T23:13:12.125627+00:00,,2026-01-17
8163d9938d535afd,田中功起：临时共同体,2025.9.27,other,田中功起：临时共同体 2025.9.27 - 2026.1.4,https://ucca.org.cn/exhibitions/page/4/,https://ucca.org.cn/exhibitions/page/4/,2026-02-11T23:13:12.125776+00:00,,2025-09-27
fe2eed463fe022bc,皮皮乐迪·里思特：掌心宇宙,2025.7.19,other,皮皮乐迪·里思特：掌心宇宙 2025.7.19 - 2025.10.19,https://ucca.org.cn/exhibitions/page/4/,https://ucca.org.cn/exhibitions/page/4/,2026-02-11T23:13:12.125905+00:00,,2025-07-19
25c50aa1b859ea92,张能傑：成百上千,2026.1.17,other,张能傑：成百上千 2026.1.17 - 2026.4.12,https://ucca.org.cn/exhibitions/page/5/,https://ucca.org.cn/exhibitions/page/5/,2026-02-11T23:13:14.608218+00:00,,2026-01-17
95c5e81a2a40602c,田中功起：临时共同体,2025.9.27,other,田中功起：临时共同体 2025.9.27 - 2026.1.4,https://ucca.org.cn/exhibitions/page/5/,https://ucca.org.cn/exhibitions/page/5/,2026-02-11T23:13:14.608396+00:00,,2025-09-27
902c42937487c7e7,皮皮乐迪·里思特：掌心宇宙,2025.7.19,other,皮皮乐迪·里思特：掌心宇宙 2025.7.19 - 2025.10.19,https://ucca.org.cn/exhibitions/page/5/,https://ucca.org.cn/exhibitions/page/5/,2026-02-11T23:13:14.608570+00:00,,2025-07-19
1e5866b969a19d7f,张能傑：成百上千,2026.1.17,other,张能傑：成百上千 2026.1.17 - 2026.4.12,https://ucca.org.cn/exhibitions/page/6/,https://ucca.org.cn/exhibitions/page/6/,2026-02-11T23:13:17.329251+00:00,,2026-01-17
2a4f717e167b2256,田中功起：临时共同体,2025.9.27,other,田中功起：临时共同体 2025.9.27 - 2026.1.4,https://ucca.org.cn/exhibitions/page/6/,https://ucca.org.cn/exhibitions/page/6/,2026-02-11T23:13:17.329438+00:00,,2025-09-27
c6693af6a8741d1e,皮皮乐迪·里思特：掌心宇宙,2025.7.19,other,皮皮乐迪·里思特：掌心宇宙 2025.7.19 - 2025.10.19,https://ucca.org.cn/exhibitions/page/6/,https://ucca.org.cn/exhibitions/page/6/,2026-02-11T23:13:17.329588+00:00,,2025-07-19
eed5ab1c9fe81a12,张能傑：成百上千,2026.1.17,other,张能傑：成百上千 2026.1.17 - 2026.4.12,https://ucca.org.cn/exhibitions/page/7/,https://ucca.org.cn/exhibitions/page/7/,2026-02-11T23:13:20.051160+00:00,,2026-01-17
f15f78ce77bf9bd4,田中功起：临时共同体,2025.9.27,other,田中功起：临时共同体 2025.9.27 - 2026.1.4,https://ucca.org.cn/exhibitions/page/7/,https://ucca.org.cn/exhibitions/page/7/,2026-02-11T23:13:20.051246+00:00,,2025-09-27
faa1bec415455054,皮皮乐迪·里思特：掌心宇宙,2025.7.19,other,皮皮乐迪·里思特：掌心宇宙 2025.7.19 - 2025.10.19,https://ucca.org.cn/exhibitions/page/7/,https://ucca.org.cn/exhibitions/page/7/,2026-02-11T23:13:20.051316+00:00,,2025-07-19
57a4e73f7df77e4d,张能傑：成百上千,2026.1.17,other,张能傑：成百上千 2026.1.17 - 2026.4.12,https://ucca.org.cn/exhibitions/page/8/,https://ucca.org.cn/exhibitions/page/8/,2026-02-11T23:13:22.706822+00:00,,2026-01-17
3041585ba790577b,田中功起：临时共同体,2025.9.27,other,田中功起：临时共同体 2025.9.27 - 2026.1.4,https://ucca.org.cn/exhibitions/page/8/,https://ucca.org.cn/exhibitions/page/8/,2026-02-11T23:13:22.706972+00:00,,2025-09-27
84e770162cd20f8b,皮皮乐迪·里思特：掌心宇宙,2025.7.19,other,皮皮乐迪·里思特：掌心宇宙 2025.7.19 - 2025.10.19,https://ucca.org.cn/exhibitions/page/8/,https://ucca.org.cn/exhibitions/page/8/,2026-02-11T23:13:22.707101+00:00,,2025-07-19
4a92f53ce79752e0,张能傑：成百上千,2026.1.17,other,张能傑：成百上千 2026.1.17 - 2026.4.12,https://ucca.org.cn/exhibitions/page/9/,https://ucca.org.cn/exhibitions/page/9/,2026-02-11T23:13:25.374734+00:00,,2026-01-17
4b0cbbfb3e8a154f,田中功起：临时共同体,2025.9.27,other,田中功起：临时共同体 2025.9.27 - 2026.1.4,https://ucca.org.cn/exhibitions/page/9/,https://ucca.org.cn/exhibitions/page/9/,2026-02-11T23:13:25.374863+00:00,,2025-09-27
f6a166c72c996f69,皮皮乐迪·里思特：掌心宇宙,2025.7.19,other,皮皮乐迪·里思特：掌心宇宙 2025.7.19 - 2025.10.19,https://ucca.org.cn/exhibitions/page/9/,https://ucca.org.cn/exhibitions/page/9/,2026-02-11T23:13:25.374977+00:00,,2025-07-19
5fbef5ecb0c320f4,张能傑：成百上千,2026.1.17,other,张能傑：成百上千 2026.1.17 - 2026.4.12,https://ucca.org.cn/exhibitions/page/10/,https://ucca.org.cn/exhibitions/page/10/,2026-02-11T23:13:27.938454+00:00,,2026-01-17
e612ea2184bf3fef,田中功起：临时共同体,2025.9.27,other,田中功起：临时共同体 2025.9.27 - 2026.1.4,https://ucca.org.cn/exhibitions/page/10/,https://ucca.org.cn/exhibitions/page/10/,2026-02-11T23:13:27.938640+00:00,,2025-09-27
7429d81fe6ed33d6,皮皮乐迪·里思特：掌心宇宙,2025.7.19,other,皮皮乐迪·里思特：掌心宇宙 2025.7.19 - 2025.10.19,https://ucca.org.cn/exhibitions/page/10/,https://ucca.org.cn/exhibitions/page/10/,2026-02-11T23:13:27.938813+00:00,,2025-07-19
a91300ef5ca8850d,张能傑：成百上千,2026.1.17,other,张能傑：成百上千 2026.1.17 - 2026.4.12,https://ucca.org.cn/exhibitions/page/11/,https://ucca.org.cn/exhibitions/page/11/,2026-02-11T23:13:30.627459+00:00,,2026-01-17
4f32a5c391dac1bf,田中功起：临时共同体,2025.9.27,other,田中功起：临时共同体 2025.9.27 - 2026.1.4,https://ucca.org.cn/exhibitions/page/11/,https://ucca.org.cn/exhibitions/page/11/,2026-02-11T23:13:30.627646+00:00,,2025-09-27
1d80e202f19bc615,皮皮乐迪·里思特：掌心宇宙,2025.7.19,other,皮皮乐迪·里思特：掌心宇宙 2025.7.19 - 2025.10.19,https://ucca.org.cn/exhibitions/page/11/,https://ucca.org.cn/exhibitions/page/11/,2026-02-11T23:13:30.627811+00:00,,2025-07-19
c6458caea4f2da86,张能傑：成百上千,2026.1.17,other,张能傑：成百上千 2026.1.17 - 2026.4.12,https://ucca.org.cn/exhibitions/page/12/,https://ucca.org.cn/exhibitions/page/12/,2026-02-11T23:13:33.265075+00:00,,2026-01-17
ec40c003bf718bbf,田中功起：临时共同体,2025.9.27,other,田中功起：临时共同体 2025.9.27 - 2026.1.4,https://ucca.org.cn/exhibitions/page/12/,https://ucca.org.cn/exhibitions/page/12/,2026-02-11T23:13:33.265253+00:00,,2025-09-27
7f265c5a70fb5a5c,皮皮乐迪·里思特：掌心宇宙,2025.7.19,other,皮皮乐迪·里思特：掌心宇宙 2025.7.19 - 2025.10.19,https://ucca.org.cn/exhibitions/page/12/,https://ucca.org.cn/exhibitions/page/12/,2026-02-11T23:13:33.265420+00:00,,2025-07-19
7cfbbe8785c5fa1f,张能傑：成百上千,2026.1.17,other,张能傑：成百上千 2026.1.17 - 2026.4.12,https://ucca.org.cn/exhibitions/page/13/,https://ucca.org.cn/exhibitions/page/13/,2026-02-11T23:13:35.881155+00:00,,2026-01-17
4455afce6518887c,田中功起：临时共同体,2025.9.27,other,田中功起：临时共同体 2025.9.27 - 2026.1.4,https://ucca.org.cn/exhibitions/page/13/,https://ucca.org.cn/exhibitions/page/13/,2026-02-11T23:13:35.881272+00:00,,2025-09-27
e7e9b40835e93a64,皮皮乐迪·里思特：掌心宇宙,2025.7.19,other,皮皮乐迪·里思特：掌心宇宙 2025.7.19 - 2025.10.19,https://ucca.org.cn/exhibitions/page/13/,https://ucca.org.cn/exhibitions/page/13/,2026-02-11T23:13:35.881357+00:00,,2025-07-19
f244aa612c8d3273,张能傑：成百上千,2026.1.17,other,张能傑：成百上千 2026.1.17 - 2026.4.12,https://ucca.org.cn/exhibitions/page/14/,https://ucca.org.cn/exhibitions/page/14/,2026-02-11T23:13:38.519197+00:00,,2026-01-17
642d4aa52a259a7f,田中功起：临时共同体,2025.9.27,other,田中功起：临时共同体 2025.9.27 - 2026.1.4,https://ucca.org.cn/exhibitions/page/14/,https://ucca.org.cn/exhibitions/page/14/,2026-02-11T23:13:38.519381+00:00,,2025-09-27
9d55776e8e674dfc,皮皮乐迪·里思特：掌心宇宙,2025.7.19,other,皮皮乐迪·里思特：掌心宇宙 2025.7.19 - 2025.10.19,https://ucca.org.cn/exhibitions/page/14/,https://ucca.org.cn/exhibitions/page/14/,2026-02-11T23:13:38.519545+00:00,,2025-07-19
fecbb4bce0baefc2,张能傑：成百上千,2026.1.17,other,张能傑：成百上千 2026.1.17 - 2026.4.12,https://ucca.org.cn/exhibitions/page/15/,https://ucca.org.cn/exhibitions/page/15/,2026-02-11T23:13:41.357721+00:00,,2026-01-17
998fbaae2adecf49,田中功起：临时共同体,2025.9.27,other,田中功起：临时共同体 2025.9.27 - 2026.1.4,https://ucca.org.cn/exhibitions/page/15/,https://ucca.org.cn/exhibitions/page/15/,2026-02-11T23:13:41.357817+00:00,,2025-09-27
6789343c8f5e050b,皮皮乐迪·里思特：掌心宇宙,2025.7.19,other,皮皮乐迪·里思特：掌心宇宙 2025.7.19 - 2025.10.19,https://ucca.org.cn/exhibitions/page/15/,https://ucca.org.cn/exhibitions/page/15/,2026-02-11T23:13:41.357901+00:00,,2025-07-19
8a28e2ee84f4c3b6,张能傑：成百上千,2026.1.17,other,张能傑：成百上千 2026.1.17 - 2026.4.12,https://ucca.org.cn/exhibitions/page/16/,https://ucca.org.cn/exhibitions/page/16/,2026-02-11T23:13:44.047146+00:00,,2026-01-17
804cc0615abe77c2,田中功起：临时共同体,2025.9.27,other,田中功起：临时共同体 2025.9.27 - 2026.1.4,https://ucca.org.cn/exhibitions/page/16/,https://ucca.org.cn/exhibitions/page/16/,2026-02-11T23:13:44.047268+00:00,,2025-09-27
5ee17197be672019,皮皮乐迪·里思特：掌心宇宙,2025.7.19,other,皮皮乐迪·里思特：掌心宇宙 2025.7.19 - 2025.10.19,https://ucca.org.cn/exhibitions/page/16/,https://ucca.org.cn/exhibitions/page/16/,2026-02-11T23:13:44.047365+00:00,,2025-07-19
ea5395ade8b1870d,张能傑：成百上千,2026.1.17,other,张能傑：成百上千 2026.1.17 - 2026.4.12,https://ucca.org.cn/exhibitions/page/17/,https://ucca.org.cn/exhibitions/page/17/,2026-02-11T23:13:46.628656+00:00,,2026-01-17
3f4227d4095a2379,田中功起：临时共同体,2025.9.27,other,田中功起：临时共同体 2025.9.27 - 2026.1.4,https://ucca.org.cn/exhibitions/page/17/,https://ucca.org.cn/exhibitions/page/17/,2026-02-11T23:13:46.628859+00:00,,2025-09-27
4495c1ef2246850f,皮皮乐迪·里思特：掌心宇宙,2025.7.19,other,皮皮乐迪·里思特：掌心宇宙 2025.7.19 - 2025.10.19,https://ucca.org.cn/exhibitions/page/17/,https://ucca.org.cn/exhibitions/page/17/,2026-02-11T23:13:46.629020+00:00,,2025-07-19
020cf212e82a645c,张能傑：成百上千,2026.1.17,other,张能傑：成百上千 2026.1.17 - 2026.4.12,https://ucca.org.cn/exhibitions/page/18/,https://ucca.org.cn/exhibitions/page/18/,2026-02-11T23:13:49.439692+00:00,,2026-01-17
c4c3a4761debc108,田中功起：临时共同体,2025.9.27,other,田中功起：临时共同体 2025.9.27 - 2026.1.4,https://ucca.org.cn/exhibitions/page/18/,https://ucca.org.cn/exhibitions/page/18/,2026-02-11T23:13:49.439928+00:00,,2025-09-27
1c292b6929942feb,皮皮乐迪·里思特：掌心宇宙,2025.7.19,other,皮皮乐迪·里思特：掌心宇宙 2025.7.19 - 2025.10.19,https://ucca.org.cn/exhibitions/page/18/,https://ucca.org.cn/exhibitions/page/18/,2026-02-11T23:13:49.440118+00:00,,2025-07-19
b83d137748fbc917,张能傑：成百上千,2026.1.17,other,张能傑：成百上千 2026.1.17 - 2026.4.12,https://ucca.org.cn/exhibitions/page/19/,https://ucca.org.cn/exhibitions/page/19/,2026-02-11T23:13:52.174140+00:00,,2026-01-17
d5ad60e18073c536,田中功起：临时共同体,2025.9.27,other,田中功起：临时共同体 2025.9.27 - 2026.1.4,https://ucca.org.cn/exhibitions/page/19/,https://ucca.org.cn/exhibitions/page/19/,2026-02-11T23:13:52.174245+00:00,,2025-09-27
62ebf7c9d6685dd8,皮皮乐迪·里思特：掌心宇宙,2025.7.19,other,皮皮乐迪·里思特：掌心宇宙 2025.7.19 - 2025.10.19,https://ucca.org.cn/exhibitions/page/19/,https://ucca.org.cn/exhibitions/page/19/,2026-02-11T23:13:52.174321+00:00,,2025-07-19
ccad4d01be001ba3,张能傑：成百上千,2026.1.17,other,张能傑：成百上千 2026.1.17 - 2026.4.12,https://ucca.org.cn/exhibitions/page/20/,https://ucca.org.cn/exhibitions/page/20/,2026-02-11T23:13:54.873673+00:00,,2026-01-17
3164a1f433e3a82e,田中功起：临时共同体,2025.9.27,other,田中功起：临时共同体 2025.9.27 - 2026.1.4,https://ucca.org.cn/exhibitions/page/20/,https://ucca.org.cn/exhibitions/page/20/,2026-02-11T23:13:54.873871+00:00,,2025-09-27
fff6c14e5b607366,皮皮乐迪·里思特：掌心宇宙,2025.7.19,other,皮皮乐迪·里思特：掌心宇宙 2025.7.19 - 2025.10.19,https://ucca.org.cn/exhibitions/page/20/,https://ucca.org.cn/exhibitions/page/20/,2026-02-11T23:13:54.874039+00:00,,2025-07-19
98033efe48f89bc9,30多年前，中国第一场现代艺术大展 - 知乎,,exhibition,"30多年前，中国第一场现代艺术大展 - 知乎 zhuanlan.zhihu.com/p/354429878 Hello，我是污彦祖（Liu） 随便聊点艺术 1989 年 2 月 5 日至 19 日，""中国现代艺术展""在北京东城区五四大街的中国美术馆举办，中国前卫艺术首次得以集中展示。展览回顾总结了80年代以来的艺术运动和流派，同…",https://duckduckgo.com/l/?uddg=https%3A%2F%2Fzhuanlan.zhihu.com%2Fp%2F354429878&rut=a787ce8df5a955fcb8041ae2bc61260280781bf68fc1355da03ac8de9acfb6c5,https://duckduckgo.com/html/?q=%E5%89%8D%E5%8D%AB%E8%89%BA%E6%9C%AF%20%E4%B8%AD%E5%9B%BD%201984%20%E8%89%BA%E6%9C%AF%20%E5%B1%95%E8%A7%88,2026-02-11T23:40:55.447879+00:00,前卫艺术 中国 1984,
28328ba01a345c5c,合集 · 回放|前卫•上海——上海当代艺术30年文献展（1979-2010）,1979-20,exhibition,"合集 · 回放|前卫•上海——上海当代艺术30年文献展（1979-2010） www.sohu.com/a/238987623_100143310 ""明圆整理合集： 由上海明圆美术馆与策展人朱其合作推出的""前卫•上海——上海当代艺术30年文献展""分""重启现代主义（1979-1985）""""前卫主义新潮（1985-1992）""""重构当代（1992-2010）""三个单元展出。历时半年的三场展览系统地梳理、剖析性地解读了上海自1979年以来近三十年的当代艺术史 ...",https://duckduckgo.com/l/?uddg=https%3A%2F%2Fwww.sohu.com%2Fa%2F238987623_100143310&rut=f1b51afadbbad6a292924e4f8d30e50d5e074cda295e8ca3f336ef8b6fa0571a,https://duckduckgo.com/html/?q=%E5%89%8D%E5%8D%AB%E8%89%BA%E6%9C%AF%20%E4%B8%AD%E5%9B%BD%201984%20%E8%89%BA%E6%9C%AF%20%E5%B1%95%E8%A7%88,2026-02-11T23:40:55.450333+00:00,前卫艺术 中国 1984,
e00890db92ebf85a,"""请回答，中国当代艺术1980s×1990s"" - 展览 - 新闻 - 中央美术学院艺术资讯网-CAFA Art Info",2025-04-07,exhibition,"""请回答，中国当代艺术1980s×1990s"" - 展览 - 新闻 - 中央美术学院艺术资讯网-CAFA Art Info www.cafa.com.cn/cn/news/details/8332721 2025-04-07T00:00:00.0000000 基于此，展览也就不仅是试图抒发某种""复古""情怀，实际上对于现代性的探索仍在持续之中，80年代和90年代中国当代艺术实践提出和引发的很多问题还没有答案，也意味着它仍未走向终点。 ""未完成的时间：中国当代艺术1980s×1990s""展览现场 展览信息：",https://duckduckgo.com/l/?uddg=https%3A%2F%2Fwww.cafa.com.cn%2Fcn%2Fnews%2Fdetails%2F8332721&rut=62bd339d6970dff7c6ee11490dfb506e3a3ddc594a82b8979771b9c34457d2e2,https://duckduckgo.com/html/?q=%E5%89%8D%E5%8D%AB%E8%89%BA%E6%9C%AF%20%E4%B8%AD%E5%9B%BD%201984%20%E8%89%BA%E6%9C%AF%20%E5%B1%95%E8%A7%88,2026-02-11T23:40:55.450598+00:00,前卫艺术 中国 1984,2025-04-07
42468893b9603753,个体精神萌发的时刻，回到1980年代上海前卫艺术现场,,exhibition,个体精神萌发的时刻，回到1980年代上海前卫艺术现场 www.theartjournal.cn/archives/interview/112959 本书中，张兰生分别探讨了个体精神是如何在中国现代艺术语境中涌现、国家话语与地方声音的缠绕交织、上海的艺术机构与非官方展览、1979至1989年间上海美术馆的系统机制，以及代表上海个体精神特征的六位艺术家——张健君、李山、余友涵、陈箴、蔡国强 ...,https://duckduckgo.com/l/?uddg=https%3A%2F%2Fwww.theartjournal.cn%2Farchives%2Finterview%2F112959&rut=cc301ace48eaab193c8430f782913aef47fee20a86c6d1127252ed3184a42bc9,https://duckduckgo.com/html/?q=%E5%89%8D%E5%8D%AB%E8%89%BA%E6%9C%AF%20%E4%B8%AD%E5%9B%BD%201984%20%E8%89%BA%E6%9C%AF%20%E5%B1%95%E8%A7%88,2026-02-11T23:40:55.450730+00:00,前卫艺术 中国 1984,
dd41c2620a7e1802,中国前卫艺术现状 | 文章 | Artlinkart | 当代艺术数据库,,other,"中国前卫艺术现状 | 文章 | Artlinkart | 当代艺术数据库 www.artlinkart.com/cn/article/overview/afdfsAu 中国前卫艺术现状 文 李小山 这是一个无法定论的评价不一的题目。很多情况下，即使关注前卫艺术现状的研究者也各持不同甚至相反的意见，它说明了对中国前卫艺术的言说的复杂性，并且也说明了中国前卫艺术本身所具有的问题。对""前卫""一词的理解，大概早已约定俗成，其要义无外乎不断地 ...",https://duckduckgo.com/l/?uddg=https%3A%2F%2Fwww.artlinkart.com%2Fcn%2Farticle%2Foverview%2FafdfsAu&rut=f0b9f0f706688a0e460b4176709cd0af1bdd7e519ac4a1da2c360cec3d3d6271,https://duckduckgo.com/html/?q=%E5%89%8D%E5%8D%AB%E8%89%BA%E6%9C%AF%20%E4%B8%AD%E5%9B%BD%201984%20%E8%89%BA%E6%9C%AF%20%E5%B1%95%E8%A7%88,2026-02-11T23:40:55.450864+00:00,前卫艺术 中国 1984,
d6f76ed1d30cd433,1980年代——温普林中国前卫艺术档案展 | 展览 | Artlinkart | 当代艺术数据库,,exhibition,"1980年代——温普林中国前卫艺术档案展 | 展览 | Artlinkart | 当代艺术数据库 www.artlinkart.com/cn/exhibition/overview/5c1avxqq 继温普林先生相继举办""中国行动""、""七宗罪""、""解放""系列个展之后，上海多伦现代美术馆在""温普林中国前卫艺术档案""中撷取了部分1980年代的珍贵历史资料，举办了本次""1980年代——温普林中国前卫艺术档案展""，真实生动地再现了中国现代艺术 ...",https://duckduckgo.com/l/?uddg=https%3A%2F%2Fwww.artlinkart.com%2Fcn%2Fexhibition%2Foverview%2F5c1avxqq&rut=406cf9ebe1b6f9611f89dcb38750ae1466e1e04144f0f8d22d2b4c7a57d1ad7e,https://duckduckgo.com/html/?q=%E5%89%8D%E5%8D%AB%E8%89%BA%E6%9C%AF%20%E4%B8%AD%E5%9B%BD%201984%20%E8%89%BA%E6%9C%AF%20%E5%B1%95%E8%A7%88,2026-02-11T23:40:55.450978+00:00,前卫艺术 中国 1984,
0cc6db77ba3cd7e5,"与""90年代""前卫艺术展览史有关的十段回忆 | Hi艺术 - 当代艺术资讯专家 | 专题 | 话题",,exhibition,"与""90年代""前卫艺术展览史有关的十段回忆 | Hi艺术 - 当代艺术资讯专家 | 专题 | 话题 www.hiart.cn/feature/detail/b37gwvv.html 以""关于展览的展览：90年代的当代艺术展示""之名，策展人巫鸿以文献展览的形式为90年代的中国当代艺术的""展览问题""开了一个头，而我们也得益于用文献的方式上下求索，进而回顾90年代下半叶的""展览瞬间""，并将18年前的""是我!",https://duckduckgo.com/l/?uddg=http%3A%2F%2Fwww.hiart.cn%2Ffeature%2Fdetail%2Fb37gwvv.html&rut=54103df41c616328d8a718a121be9a747b9407d7fd6c926396696e908598cc42,https://duckduckgo.com/html/?q=%E5%89%8D%E5%8D%AB%E8%89%BA%E6%9C%AF%20%E4%B8%AD%E5%9B%BD%201984%20%E8%89%BA%E6%9C%AF%20%E5%B1%95%E8%A7%88,2026-02-11T23:40:55.451090+00:00,前卫艺术 中国 1984,
6ce228899e4dd83a,"怀谁之""旧""?——论当代艺术对于""中国前卫艺术""的误读 - 99艺术网",2015年8月8,exhibition,"怀谁之""旧""?——论当代艺术对于""中国前卫艺术""的误读 - 99艺术网 www.99ys.com/home/8049/10/28/15/210968.html 其中，有代表性的展览包括：西安美术馆举办的""'皮相之下'中国当代艺术再启蒙系列展：从1979到1984""（2015年8月8日至9月6日）；中间美术馆（北京）举办的""失调的和谐：二十世纪八、九十年代之交东亚艺术观察""（2017年11月4日至2018年2月4日），以及该馆 ...",https://duckduckgo.com/l/?uddg=https%3A%2F%2Fwww.99ys.com%2Fhome%2F8049%2F10%2F28%2F15%2F210968.html&rut=3ef27adc5d5c629aea01593ea18bd2fc55e7fd0da60276b9f9362622dbabcc53,https://duckduckgo.com/html/?q=%E5%89%8D%E5%8D%AB%E8%89%BA%E6%9C%AF%20%E4%B8%AD%E5%9B%BD%201984%20%E8%89%BA%E6%9C%AF%20%E5%B1%95%E8%A7%88,2026-02-11T23:40:55.451278+00:00,前卫艺术 中国 1984,2015-08-08
a779c8c6f0f360d2,"""温普林中国前卫艺术档案之八〇九〇年代"" - Red Brick Art Museum",2016年11月05,exhibition,"""温普林中国前卫艺术档案之八〇九〇年代"" - Red Brick Art Museum www.redbrickartmuseum.org/exhibitions/温普林中国前卫艺术档案之八〇九〇年代/ 2016年11月05日，""温普林中国前卫艺术档案之八〇九〇年代""展在红砖美术馆开幕。本次展览由闫士杰担任策展人，臧红花担任艺术总监，夏彦国任执行策展人。 展览以""温普林中国前卫艺术档案之八〇九〇年代""为题，集中展示""温普林中国前卫档案""在20世纪80年代和90年代记录并收集的中国当代 ...",https://duckduckgo.com/l/?uddg=http%3A%2F%2Fwww.redbrickartmuseum.org%2Fexhibitions%2F%25E6%25B8%25A9%25E6%2599%25AE%25E6%259E%2597%25E4%25B8%25AD%25E5%259B%25BD%25E5%2589%258D%25E5%258D%25AB%25E8%2589%25BA%25E6%259C%25AF%25E6%25A1%25A3%25E6%25A1%2588%25E4%25B9%258B%25E5%2585%25AB%25E3%2580%2587%25E4%25B9%259D%25E3%2580%2587%25E5%25B9%25B4%25E4%25BB%25A3%2F&rut=202ae94a1fd2922c49add17aa431232bc197e0c6e452a735808918fec6967c48,https://duckduckgo.com/html/?q=%E5%89%8D%E5%8D%AB%E8%89%BA%E6%9C%AF%20%E4%B8%AD%E5%9B%BD%201984%20%E8%89%BA%E6%9C%AF%20%E5%B1%95%E8%A7%88,2026-02-11T23:40:55.451495+00:00,前卫艺术 中国 1984,2016-11-05
f3ffe71e0504a183,中国/前卫展览 - 华文百科,1989年2月5,exhibition,中国/前卫展览 - 华文百科 wikii.one/China/Avant-Garde_Exhibition 中国/前卫展览是中国当代艺术史上最重要的展览之一。 该展览于1989年2月5日在中国国家艺术博物馆（以前称为国家美术馆）开幕，其中包括来自中国各地的186多名艺术家和大约300幅艺术品。 该展览被广泛认为是当代中国艺术历史上的关键时刻，在1985年之后在...,https://duckduckgo.com/l/?uddg=https%3A%2F%2Fwikii.one%2FChina%2FAvant%2DGarde_Exhibition&rut=9e1fee92d4da9b3fb3f93f5f5de94abf2adee7f4f7efb08843331fdd00d96ce0,https://duckduckgo.com/html/?q=%E5%89%8D%E5%8D%AB%E8%89%BA%E6%9C%AF%20%E4%B8%AD%E5%9B%BD%201984%20%E8%89%BA%E6%9C%AF%20%E5%B1%95%E8%A7%88,2026-02-11T23:40:55.451670+00:00,前卫艺术 中国 1984,1989-02-05
4ca527efd9a2d864,前卫·上海——上海当代艺术30年文献展（1979-2010）：前卫主义新潮（1985-1992） - ARThing艺术活,1979-20,exhibition,"前卫·上海——上海当代艺术30年文献展（1979-2010）：前卫主义新潮（1985-1992） - ARThing艺术活 www.arthing.org/archives/2018/01/006818.html 一场重新呈现的""上海85前卫"" 继""前卫·上海——上海当代艺术30年文献展（1979—2010）""第一单元展览""重启现代主义（1979—1985）""成功举办之后，该系列展的第二单元展览""前卫主义新潮（1985—1992）""也即将于2018年1月27日下午16时在上海明圆美术馆启幕。 本次展览以""前卫主义新潮""为主题 ...",https://duckduckgo.com/l/?uddg=https%3A%2F%2Fwww.arthing.org%2Farchives%2F2018%2F01%2F006818.html&rut=6e0138ed358d83d492c39daf41a9bcd196f4e0d8f6ab9e77bebe094942098030,https://duckduckgo.com/html/?q=%E5%89%8D%E5%8D%AB%E8%89%BA%E6%9C%AF%20%E4%B8%AD%E5%9B%BD%201985%20%E8%89%BA%E6%9C%AF%20%E5%B1%95%E8%A7%88,2026-02-11T23:40:58.723052+00:00,前卫艺术 中国 1985,
00211a7e44a98e0e,1985年代上海的前卫超乎你的想象_时讯_看看新闻网,,exhibition,"1985年代上海的前卫超乎你的想象_时讯_看看新闻网 m.kankanews.com/detail/Z5wgjlEzdQD 作为上海明圆美术馆2018年的开年首展，本次展览以""前卫主义新潮""为主题，在承接上一单元""重启现代主义（1979—1985）""之遗绪的基础上，超脱了早期的抽象艺术，以行为表演、表现主义、实验水墨、装置艺术等形式进行激进的探索。",https://duckduckgo.com/l/?uddg=https%3A%2F%2Fm.kankanews.com%2Fdetail%2FZ5wgjlEzdQD&rut=cb2a3e81d450ab94d7666368a40b29383f0cceff69a7f75ca95fe917aa00484d,https://duckduckgo.com/html/?q=%E5%89%8D%E5%8D%AB%E8%89%BA%E6%9C%AF%20%E4%B8%AD%E5%9B%BD%201985%20%E8%89%BA%E6%9C%AF%20%E5%B1%95%E8%A7%88,2026-02-11T23:40:58.723599+00:00,前卫艺术 中国 1985,
23f18f3f0a1f7a82,"看展 | 30年前的上海""前卫主义新潮"" - 美术报 - 崇真艺客",,exhibition,"看展 | 30年前的上海""前卫主义新潮"" - 美术报 - 崇真艺客 www.trueart.com/news/231999.html 本次展览以""前卫主义新潮""为主题，在承接上一单元""重启现代主义（1979—1985）""之遗绪的基础上，超脱了早期的抽象艺术，以行为表演、表现主义、实验水墨、装置艺术等形式进行激进的探索。",https://duckduckgo.com/l/?uddg=https%3A%2F%2Fwww.trueart.com%2Fnews%2F231999.html&rut=7ca9ca2c1937c9abc9daec7e59bfae0a234a1ef6e1312a729ff025c5e05268c6,https://duckduckgo.com/html/?q=%E5%89%8D%E5%8D%AB%E8%89%BA%E6%9C%AF%20%E4%B8%AD%E5%9B%BD%201985%20%E8%89%BA%E6%9C%AF%20%E5%B1%95%E8%A7%88,2026-02-11T23:40:58.723730+00:00,前卫艺术 中国 1985,
0bd3562df19e34a2,藝術事件資料庫 | China/Avant-Garde Exhibition | 亞洲藝術文獻庫,,exhibition,"藝術事件資料庫 | China/Avant-Garde Exhibition | 亞洲藝術文獻庫 aaa.org.hk/tc/collections/event-database/chinaavant-garde-exhibition-17368 Members of the Organizing committee of 'China/Avant-Garde Exhibition' include GAO Minglu (Chief Co-ordinator), LI Xianting (Exhibition Design), ZHOU Yan (Academic Activities), FAN Dian (Meetings Co-ordinator), TANG Qingnian (Treasurer), KONG Chang'an (Sales of Artwork), FEI Dawei and HOU Hanru (Publicity), WANG Mingxian (Administration), LIU Xiaochun, GAN Yang, LIU Dong, LIU Min, YANG ...",https://duckduckgo.com/l/?uddg=https%3A%2F%2Faaa.org.hk%2Ftc%2Fcollections%2Fevent%2Ddatabase%2Fchinaavant%2Dgarde%2Dexhibition%2D17368&rut=d19f1da4e911b1bdf657d2b8b44465f8d30e51f7b48025e1202c1ac7af751e15,https://duckduckgo.com/html/?q=%E5%89%8D%E5%8D%AB%E8%89%BA%E6%9C%AF%20%E4%B8%AD%E5%9B%BD%201986%20%E8%89%BA%E6%9C%AF%20%E5%B1%95%E8%A7%88,2026-02-11T23:41:02.380281+00:00,前卫艺术 中国 1986,
f38dc333844d1210,上海当代艺术30年文献展（1979—2010）之：偶发与表演 行为档案 艺术档案,1986年12,exhibition,"上海当代艺术30年文献展（1979—2010）之：偶发与表演 行为档案 艺术档案 www.artda.cn/xingweidangan-c-10817.html;cid=2 文︱朱其（节选《身份归化及前卫主义重生》） 偶发与表演是1980年代新潮艺术运动的重要部分。首先始于李山等人策划的在徐汇区文化馆的""凹凸展""，这是一个集绘画、装置和即兴表演的综合展。 真正意义上的行为艺术展是1986年底杨晖、宋海冬等人于1986年12月底在虹口区第二工人文化宫的""M ...",https://duckduckgo.com/l/?uddg=https%3A%2F%2Fwww.artda.cn%2Fxingweidangan%2Dc%2D10817.html%3Bcid%3D2&rut=212ea3a162d57dce726c74cf10a8f651f3a5f6d3d030f5db212ab9185b5a1298,https://duckduckgo.com/html/?q=%E5%89%8D%E5%8D%AB%E8%89%BA%E6%9C%AF%20%E4%B8%AD%E5%9B%BD%201986%20%E8%89%BA%E6%9C%AF%20%E5%B1%95%E8%A7%88,2026-02-11T23:41:02.380972+00:00,前卫艺术 中国 1986,1986-12-12
4de762e998f8c545,新昊和他的朋友们| 前卫·上海——上海当代艺术30年文献展（1979-2010）：前卫主义新潮（1985-1992）盛大开幕,1979-20,exhibition,"新昊和他的朋友们| 前卫·上海——上海当代艺术30年文献展（1979-2010）：前卫主义新潮（1985-1992）盛大开幕 www.sohu.com/a/222123004_330564 上海明圆美术馆 继""前卫•上海——上海当代艺术30年文献展（1979—2010）""第一单元展览""重启现代主义（1979—1985）""成功举办之后，该系列展的第二单元展览""前卫主义新潮（1985—1992）""于2018年1月27日下午4点在上海明圆美术馆启幕。 作为上海明圆美术馆2018年的开年首展，第二单元展览 ...",https://duckduckgo.com/l/?uddg=https%3A%2F%2Fwww.sohu.com%2Fa%2F222123004_330564&rut=fd1593236c3fac4d4c2844f78964785375d168da565c37621d7a5f757efc7603,https://duckduckgo.com/html/?q=%E5%89%8D%E5%8D%AB%E8%89%BA%E6%9C%AF%20%E4%B8%AD%E5%9B%BD%201986%20%E8%89%BA%E6%9C%AF%20%E5%B1%95%E8%A7%88,2026-02-11T23:41:02.381254+00:00,前卫艺术 中国 1986,
663a3eefa8faf132,艺诺看展|前卫·上海——上海当代艺术30年文献展（1979—2010）,,exhibition,"艺诺看展|前卫·上海——上海当代艺术30年文献展（1979—2010） www.sohu.com/a/238857600_100143310 ""前卫·上海——上海当代艺术30年文献展（1979—2010） ""历时 半年多 在上海明圆美术馆隆重展出。展览共分为 三个单元，分别为：""重启现代主义（1979—1985）""、""前卫主义新潮（1985—1992）""和""走向当代艺术（1993—2010）""。 每个单元独立成展，依次呈献，旨在系统梳理上海自1979年以后近 ...",https://duckduckgo.com/l/?uddg=https%3A%2F%2Fwww.sohu.com%2Fa%2F238857600_100143310&rut=7c55a904fd3d44e875c06be8e3c827030a4fdaff735cb31195ca7b25a0e20c32,https://duckduckgo.com/html/?q=%E5%89%8D%E5%8D%AB%E8%89%BA%E6%9C%AF%20%E4%B8%AD%E5%9B%BD%201986%20%E8%89%BA%E6%9C%AF%20%E5%B1%95%E8%A7%88,2026-02-11T23:41:02.381367+00:00,前卫艺术 中国 1986,
b9be4b61787386f1,中国前卫艺术 (豆瓣),,exhibition,中国前卫艺术 (豆瓣) book.douban.com/subject/1057436/ 高名潞 1985年毕业于中国艺术研究院研究生部。后任《美术》杂志编辑。1991年赴美学者访问，1992年攻读哈佛大学博士研究生。与人合著《中国当代美术史1985―1986》。曾为展览筹委会负责人主持了1989年《中国现代艺术展》。,https://duckduckgo.com/l/?uddg=https%3A%2F%2Fbook.douban.com%2Fsubject%2F1057436%2F&rut=64ce12a1cc1b86a6dd4a8438462b4bd7b0744c717b5a0c0d8df8ec63bf5b7255,https://duckduckgo.com/html/?q=%E5%89%8D%E5%8D%AB%E8%89%BA%E6%9C%AF%20%E4%B8%AD%E5%9B%BD%201986%20%E8%89%BA%E6%9C%AF%20%E5%B1%95%E8%A7%88,2026-02-11T23:41:02.381474+00:00,前卫艺术 中国 1986,
5e65119289092da3,从上海当代艺术30年回顾展 听嘹亮背景下的清越之声,,exhibition,"从上海当代艺术30年回顾展 听嘹亮背景下的清越之声 news.ifeng.com/c/7fZuuWPGhRA 内容涵盖了1986年的""凹凸展""、文革后中国当代艺术史上第一个纯粹的行为表演展""M观念艺术表演展""、文革后首个在官方美术馆（上海美术馆 ...",https://duckduckgo.com/l/?uddg=https%3A%2F%2Fnews.ifeng.com%2Fc%2F7fZuuWPGhRA&rut=23bb09b751bb53a9525d45e09e7e7332f4d2b3106363720912ece288f28e2017,https://duckduckgo.com/html/?q=%E5%89%8D%E5%8D%AB%E8%89%BA%E6%9C%AF%20%E4%B8%AD%E5%9B%BD%201986%20%E8%89%BA%E6%9C%AF%20%E5%B1%95%E8%A7%88,2026-02-11T23:41:02.381574+00:00,前卫艺术 中国 1986,
4a4f385e0535ce56,吴山专_百度百科,,exhibition,"吴山专_百度百科 baike.baidu.com/item/吴山专/8504508 吴山专，中国当代艺术家，发起""国际红色幽默""艺术运动。其创作以文字解构为核心，通过符号重组介入意识形态批判，形成""字象即形式""的视觉语言体系，对观念艺术的发展产生重要影响。1985年创立""国际红色幽默""俱乐部，提出""赤字伪造者""概念，以错字重构政治符号表意系统。1986年 ...",https://duckduckgo.com/l/?uddg=https%3A%2F%2Fbaike.baidu.com%2Fitem%2F%25E5%2590%25B4%25E5%25B1%25B1%25E4%25B8%2593%2F8504508&rut=0d7f683f50dcc7b6bc30f67e31821652dcb4bb6a897ac4f33cd0f67ea2cf837e,https://duckduckgo.com/html/?q=%E5%90%B4%E5%B1%B1%E4%B8%93%201984%20%E5%B1%95%E8%A7%88%20%E8%89%BA%E6%9C%AF%20%E5%B1%95%E8%A7%88,2026-02-11T23:41:25.229805+00:00,吴山专 1984 展览,
d1716024b9cc96ce,www.china1980s.org,,other,www.china1980s.org www.china1980s.org/sc/albums.aspx?feature_id=10 吴山专坐在街上玩牌时摄；另附英文标题「作为街头表演者，上海，中国， 1984 」， 1984 年摄于上海 吴山专摄于工作室内；另附英文标题「作为浙江美术学院学生，中国，1985」，1985 〈庄子的蝴蝶是一把剪刀〉，吴山专，1985,https://duckduckgo.com/l/?uddg=https%3A%2F%2Fwww.china1980s.org%2Fsc%2Falbums.aspx%3Ffeature_id%3D10&rut=e606b4571f752e4fd0cbf3b5820074961c60c8ca0f4104ab7a275964c72ee45f,https://duckduckgo.com/html/?q=%E5%90%B4%E5%B1%B1%E4%B8%93%201984%20%E5%B1%95%E8%A7%88%20%E8%89%BA%E6%9C%AF%20%E5%B1%95%E8%A7%88,2026-02-11T23:41:25.230033+00:00,吴山专 1984 展览,
d3cc29dc177eee76,吴山专 - 长征空间 - Long March Space,,other,"吴山专 - 长征空间 - Long March Space www.longmarchspace.com/zh/artists/wu-shanzhuan-2/ 吴山专（1960年生于中国）。 作为中国'八五美术新潮运动的重要人物之一，吴山专的艺术实践打破了诸如""观看""，""凝视""和""体验""这一类约定俗成的视觉艺术概念，他的身上汇集了草根智慧、思想实践与当代艺术的荒诞精神。",https://duckduckgo.com/l/?uddg=http%3A%2F%2Fwww.longmarchspace.com%2Fzh%2Fartists%2Fwu%2Dshanzhuan%2D2%2F&rut=f361ab007c1eb64c2825a9266188ace9c4332f2531475c430fdf7177f7c12b1e,https://duckduckgo.com/html/?q=%E5%90%B4%E5%B1%B1%E4%B8%93%201984%20%E5%B1%95%E8%A7%88%20%E8%89%BA%E6%9C%AF%20%E5%B1%95%E8%A7%88,2026-02-11T23:41:25.230198+00:00,吴山专 1984 展览,
9e0f2b33fa2d296a,吴山专（Wu Shanzhuan） 国内 艺术家库 人物档案 艺术档案,,exhibition,"吴山专（Wu Shanzhuan） 国内 艺术家库 人物档案 艺术档案 www.artda.cn/view.php?tid=110&cid=28 吴山专作品《一元新闻》／有机玻璃、灯箱／2002年／中国国际展览中心，北京，中国／选自""北京青年报—传媒与艺术""展 吴山专作品《从最好的方面展现新闻》 局部 吴山专作品《从最好的方面展现新闻》方案草图 吴山专作品《一元新闻》的设计图-1",https://duckduckgo.com/l/?uddg=https%3A%2F%2Fwww.artda.cn%2Fview.php%3Ftid%3D110%26cid%3D28&rut=064666efba3917e6f0f2cad9a2b7e501656e355eef6aca8348692a166d7f8bb7,https://duckduckgo.com/html/?q=%E5%90%B4%E5%B1%B1%E4%B8%93%201984%20%E5%B1%95%E8%A7%88%20%E8%89%BA%E6%9C%AF%20%E5%B1%95%E8%A7%88,2026-02-11T23:41:25.230340+00:00,吴山专 1984 展览,
2f70b4388c305170,吴山专 | 艺术家 | Artlinkart | 当代艺术数据库,,other,"吴山专 | 艺术家 | Artlinkart | 当代艺术数据库 www.artlinkart.com/cn/artist/txt_ab/418brw/e86isvu 艺术家需要精读 对于离开中国系统已经十多年的吴山专，有多少人又能读懂他呢?正如吴山专自己所说：""我的艺术是为艺术家服务的。 ""如同E.M.福斯特80岁大寿回答BBC记者的：""我写小说是为了赢得我所尊重的人的尊重。 ""两者的思想都是相当精英主义的说法。",https://duckduckgo.com/l/?uddg=https%3A%2F%2Fwww.artlinkart.com%2Fcn%2Fartist%2Ftxt_ab%2F418brw%2Fe86isvu&rut=9052e2ec6ae0ca1afc7dd81e7b0736564f4a1631edc15f73f9cb7ba891f70f16,https://duckduckgo.com/html/?q=%E5%90%B4%E5%B1%B1%E4%B8%93%201984%20%E5%B1%95%E8%A7%88%20%E8%89%BA%E6%9C%AF%20%E5%B1%95%E8%A7%88,2026-02-11T23:41:25.230487+00:00,吴山专 1984 展览,
065235c59e10579a,吴山专 - Icast,2008年6,exhibition,"吴山专 - Icast icast.ac.cn/people/wushanzhuan/ 1960年出生于中国舟山。1985年创办""红色幽默""俱乐部，是中国'85美术新潮运动的重要一环；1990年推出""国际红色幽默""系列。自1991年起，他与英格•斯瓦拉•托斯朵蒂尔合作创作作品和举办展览。2008年6月，广东美术馆为吴山专举办了大型回顾展《吴山专（但仍然是红的），国际红色幽默》，被 ...",https://duckduckgo.com/l/?uddg=https%3A%2F%2Ficast.ac.cn%2Fpeople%2Fwushanzhuan%2F&rut=116e39168266633cec1e9a63b2f29a85e39d73f57422e651161100112f7619af,https://duckduckgo.com/html/?q=%E5%90%B4%E5%B1%B1%E4%B8%93%201984%20%E5%B1%95%E8%A7%88%20%E8%89%BA%E6%9C%AF%20%E5%B1%95%E8%A7%88,2026-02-11T23:41:25.231197+00:00,吴山专 1984 展览,2008-06-12
5d4665ab0fbe4b39,Home | Art Gallery of Ontario,,other,"Home | Art Gallery of Ontario ago.ca With a collection of more than 90000 works of art, the Art Gallery of Ontario is among the most distinguished art museums in North America.",https://duckduckgo.com/l/?uddg=https%3A%2F%2Fago.ca%2F&rut=f635322de9b065febf7f7cbc677ab86d9f800e80325410db2857489847a35de1,https://duckduckgo.com/html/?q=%E5%90%B4%E5%B1%B1%E4%B8%93%201984%20%E5%B1%95%E8%A7%88%20%E8%89%BA%E6%9C%AF%20%E5%B1%95%E8%A7%88,2026-02-11T23:41:25.231370+00:00,吴山专 1984 展览,
e8f7198026451da6,"吴山专新展""字方天下""：自""八五新潮""迄今近四十年的""文字""创作_艺术中国",2024-07/08,exhibition,"吴山专新展""字方天下""：自""八五新潮""迄今近四十年的""文字""创作_艺术中国 art.china.cn/txt/2024-07/08/content_42854207.htm 2024-07-08T00:00:00.0000000 2024年6月22日，吴山专""字方天下""在长征空间开幕，由与艺术家长期合作的策展人、研究者刘畑策划。 展览展出了吴山专1985年至今的逾百件作品，其中呈现的核心，是吴山专所探索以及所置身的""文字""的若干状态。这是一个 ...",https://duckduckgo.com/l/?uddg=http%3A%2F%2Fart.china.cn%2Ftxt%2F2024%2D07%2F08%2Fcontent_42854207.htm&rut=a51ac0803eab9a6333f8492542e24a04c919142e467d19702173be93f3ce5c77,https://duckduckgo.com/html/?q=%E5%90%B4%E5%B1%B1%E4%B8%93%201984%20%E5%B1%95%E8%A7%88%20%E8%89%BA%E6%9C%AF%20%E5%B1%95%E8%A7%88,2026-02-11T23:41:25.231603+00:00,吴山专 1984 展览,2024-07-08
8cea60f4d528882d,Lot2758 吴山专 1985-200 - 雅昌拍卖图录APP - artron.net,1985-20,exhibition,Lot2758 吴山专 1985-200 - 雅昌拍卖图录APP - artron.net auction.artron.net/paimai-art0062112758/ 拍卖专场 从十倒数：张颂仁先生重要私人收藏 拍卖会 十周年秋季拍卖会 材质 布面油画 拍品描述 展览：1.舟山艺术家工作室，舟山，1985年 2.文字的力量，台湾省立美术馆，1999年 说明：1985年吴山专定义自己为一个赤字伪造者，在此红是一种观念，一种意识形态 ...,https://duckduckgo.com/l/?uddg=https%3A%2F%2Fauction.artron.net%2Fpaimai%2Dart0062112758%2F&rut=92d2b4dbcbd5cdf4c0d8e85943f5442939ba73a3796311514c449461c4908e19,https://duckduckgo.com/html/?q=%E5%90%B4%E5%B1%B1%E4%B8%93%201984%20%E5%B1%95%E8%A7%88%20%E8%89%BA%E6%9C%AF%20%E5%B1%95%E8%A7%88,2026-02-11T23:41:25.231872+00:00,吴山专 1984 展览,
6c9aec775734fde8,"今天下午停水 (赤字伪造者的""红色幽默"") - 广东美术馆",2008/20,exhibition,"今天下午停水 (赤字伪造者的""红色幽默"") - 广东美术馆 www.gdmoa.org/Exhibition/Exhibitions/2008/xgwd_2008/200805/t20080515_7151.shtml 1985年的吴山专将自己定义为一个""赤字伪造者""，他是最早生产伪字的中国艺术家。 他的伪字不但是意义的冒名顶替者，而且刻意地冒充那些""大是大非的字""--墙上的红字。 在吴山专的世界里，红绝非简单的色彩，红是一种观念，一种意识形态的装备。",https://duckduckgo.com/l/?uddg=https%3A%2F%2Fwww.gdmoa.org%2FExhibition%2FExhibitions%2F2008%2Fxgwd_2008%2F200805%2Ft20080515_7151.shtml&rut=4ba26f1e03c0373cf4679aff8782780ada2bab7896cdc0b459780fafd92513f8,https://duckduckgo.com/html/?q=%E5%90%B4%E5%B1%B1%E4%B8%93%201984%20%E5%B1%95%E8%A7%88%20%E8%89%BA%E6%9C%AF%20%E5%B1%95%E8%A7%88,2026-02-11T23:41:25.232038+00:00,吴山专 1984 展览,
a975289b2745691d,"吴山专最新个展""字方天下"" 呈现1985年至今逾百件作品",2024-06-22,exhibition,"吴山专最新个展""字方天下"" 呈现1985年至今逾百件作品 zhuanlan.zhihu.com/p/707724098 2024-06-22T00:00:00.0000000 2024年6月22日，吴山专"" 字方天下 ""在 长征空间 开幕，由与艺术家长期合作的策展人、研究者刘畑策划。 展览展出了吴山专1985年至今的逾百件作品，其中呈现的核心，是吴山专所探索以及所置身的"" 文字 ""的若干状态。 这是一个相当复杂而漫长的故事。",https://duckduckgo.com/l/?uddg=https%3A%2F%2Fzhuanlan.zhihu.com%2Fp%2F707724098&rut=e1546c62fa35439596d88f528a107a59ef7642d40e4b443d72e1661270502e42,https://duckduckgo.com/html/?q=%E5%90%B4%E5%B1%B1%E4%B8%93%201984%20%E5%B9%B4%E8%A1%A8%20%E8%89%BA%E6%9C%AF%20%E5%B1%95%E8%A7%88,2026-02-11T23:41:28.523425+00:00,吴山专 1984 年表,2024-06-22
d2a12f46c22d98a5,吴山专 | 艺术家 | Artlinkart | 当代艺术数据库,,exhibition,"吴山专 | 艺术家 | Artlinkart | 当代艺术数据库 www.artlinkart.com/cn/artist/exh_yr/418brw/734hyxl 美术馆成了""黑市""必然招来了经警的盘问，并打算没收吴山专的对虾，但他掏出了单位的介绍信，证明对虾是用于展览的艺术品，最后还是依法罚款20元，并要求停止售虾，吴山专将介绍信和罚款单往黑板上一贴，用粉笔写上""今日盘货，暂停营业。",https://duckduckgo.com/l/?uddg=https%3A%2F%2Fwww.artlinkart.com%2Fcn%2Fartist%2Fexh_yr%2F418brw%2F734hyxl&rut=bac78065e83be302aa10b2c99e4782634ce325f980c86f1cc45becd91ca364aa,https://duckduckgo.com/html/?q=%E5%90%B4%E5%B1%B1%E4%B8%93%201984%20%E5%B9%B4%E8%A1%A8%20%E8%89%BA%E6%9C%AF%20%E5%B1%95%E8%A7%88,2026-02-11T23:41:28.523574+00:00,吴山专 1984 年表,
174c7cae878cb65a,吳山專 | 創作者 | M+,,exhibition,吳山專 | 創作者 | M+ www.mplus.org.hk/tc/collection/makers/wu-shanzhuan/ 吳山專的創作涵蓋 繪畫 、 攝影 及 行為展演。 本網頁的 M+藏品 中，共有 6 件由吳山專創作的藏品。,https://duckduckgo.com/l/?uddg=https%3A%2F%2Fwww.mplus.org.hk%2Ftc%2Fcollection%2Fmakers%2Fwu%2Dshanzhuan%2F&rut=5dbf85e9d9d3b6a80471c1aa863d7a45848c9d23cb5b6ea2bcf33e3577da18a7,https://duckduckgo.com/html/?q=%E5%90%B4%E5%B1%B1%E4%B8%93%201984%20%E5%B9%B4%E8%A1%A8%20%E8%89%BA%E6%9C%AF%20%E5%B1%95%E8%A7%88,2026-02-11T23:41:28.523721+00:00,吴山专 1984 年表,
df9fe3fd86b5b4e3,"【绝对艺术】如何读懂吴山专？""世界平面日""是一个入口_节日",,exhibition,"【绝对艺术】如何读懂吴山专？""世界平面日""是一个入口_节日 www.sohu.com/a/302389348_306436 ""今天，后来成了节日""展览现场，摄影：胡黎明 吴山专的艺术创作呈现出一种个体的意识形态实践。 对于吴山专来说，这个展览的跨度是从1986年直到今天。 这是三十三年的自我反射、自我回收、自我注释和自我索隐。 图片来源：长征空间",https://duckduckgo.com/l/?uddg=https%3A%2F%2Fwww.sohu.com%2Fa%2F302389348_306436&rut=c5e3b055cdb13410df970a2764d6d528a22b95d22cffe39054164bab4d9e0b02,https://duckduckgo.com/html/?q=%E5%90%B4%E5%B1%B1%E4%B8%93%201984%20%E5%B9%B4%E8%A1%A8%20%E8%89%BA%E6%9C%AF%20%E5%B1%95%E8%A7%88,2026-02-11T23:41:28.523840+00:00,吴山专 1984 年表,
ff9f305c4fee5081,任何人都有权利拒绝成为吴山专 | 文章 | Artlinkart | 当代艺术数据库,,exhibition,"任何人都有权利拒绝成为吴山专 | 文章 | Artlinkart | 当代艺术数据库 www.artlinkart.com/cn/article/overview/eediswo/genres/critique/R 对""八五艺术家""的集中兴趣开始于今年年初北京尤伦斯当代艺术中心的大型展览""85新潮""，吴山专的展览可以说是这种关注的延续。 吴山专被认为是""85新潮""美术运动以来，中国当代最重要的观念艺术家之一。 但多年来似乎总不在聚光灯下。",https://duckduckgo.com/l/?uddg=https%3A%2F%2Fwww.artlinkart.com%2Fcn%2Farticle%2Foverview%2Feediswo%2Fgenres%2Fcritique%2FR&rut=b42fa0dccec3d5a57aafc979437618bebf914f014e9e983f6f9f90590c61cdb4,https://duckduckgo.com/html/?q=%E5%90%B4%E5%B1%B1%E4%B8%93%201984%20%E6%96%87%E7%8C%AE%20%E8%89%BA%E6%9C%AF%20%E5%B1%95%E8%A7%88,2026-02-11T23:41:31.861384+00:00,吴山专 1984 文献,
4313480839fad646,第六届全国美术作品展览漫画图录_中华人民共和国中国美术家协会_孔夫子旧书网,,exhibition,第六届全国美术作品展览漫画图录_中华人民共和国中国美术家协会_孔夫子旧书网 book.kongfz.com/16444/9610564441/ 作者：中华人民共和国中国美术家协会 出版社：湖南美术出版社 出版时间： 1984 -10-00 印刷时间：0000-00-00 版次：1 ，购买第六届全国美术作品展览漫画图录等艺术相关商品，欢迎您到孔夫子旧书网,https://duckduckgo.com/l/?uddg=https%3A%2F%2Fbook.kongfz.com%2F16444%2F9610564441%2F&rut=626f2be5fa6a95adb94160cf0a00587a1598584dba540e4b9cd9772c9cb0e319,https://duckduckgo.com/html/?q=%E5%90%B4%E5%B1%B1%E4%B8%93%201984%20%E6%96%87%E7%8C%AE%20%E8%89%BA%E6%9C%AF%20%E5%B1%95%E8%A7%88,2026-02-11T23:41:31.861678+00:00,吴山专 1984 文献,
e2629601de92dbe7,吴山专 + 英格·斯瓦拉·托斯朵蒂尔 - artforum.com.cn,,exhibition,"吴山专 + 英格·斯瓦拉·托斯朵蒂尔 - artforum.com.cn www.artforum.com.cn/picks/14922 距离上一次吴山专于长征空间的展览""今天后来成为了节日""（由英格-斯瓦拉·托斯朵蒂尔策划）已逾四年，但那由绘画占满所有墙面、似乎呼应着吴山专本人1986年作品《大字报》的现场仍历历在目。因而在印象中，他们的展览始终都是对其自我艺术信条的某种毫无保留的身体力行：一切艺术品 ...",https://duckduckgo.com/l/?uddg=https%3A%2F%2Fwww.artforum.com.cn%2Fpicks%2F14922&rut=cfd3b97d2ab5680cc148c774f738be65c0beae361b81ae2c0741e25678a73a13,https://duckduckgo.com/html/?q=%E5%90%B4%E5%B1%B1%E4%B8%93%201984%20%E6%96%87%E7%8C%AE%20%E8%89%BA%E6%9C%AF%20%E5%B1%95%E8%A7%88,2026-02-11T23:41:31.861793+00:00,吴山专 1984 文献,
bb935bc36cb8f8eb,徐冰展览年表 - 搜狐,,exhibition,徐冰展览年表 - 搜狐 www.sohu.com/a/208049359_407290 徐冰展览年表 徐冰展览年表 1972 联 展 中国，北京 「高中生优秀作品展」，海淀区文化局 1976 联 展 中国，北京 「全国美展」 中国，北京 「北京市美展」 1979 联展 中国，北京 「第六届全国版画展」 中国，北京 「庆祝中华人民共和国成立30周年全国美术作品展」 1980 联 展 中国，北京 「第二届全国 ...,https://duckduckgo.com/l/?uddg=https%3A%2F%2Fwww.sohu.com%2Fa%2F208049359_407290&rut=2ea27e23f24efe242cc660f72d884390915679ef4032f90de53f8c64b314a37d,https://duckduckgo.com/html/?q=%E5%BE%90%E5%86%B0%201989%20%E5%9B%9E%E9%A1%BE%20%E8%89%BA%E6%9C%AF%20%E5%B1%95%E8%A7%88,2026-02-11T23:49:26.920074+00:00,徐冰 1989 回顾,
b1014c995022d150,未来的材料纪录1980-1990 中国当代艺术,1980-19,exhibition,未来的材料纪录1980-1990 中国当代艺术 china1980s.org/sc/interview_detail.aspx?interview_id=71 1989 年在《中国现代艺术展》上也展出了 天书 。 1990年与学生和助手在北京金山岭长城开始巨型作品 鬼打墙 的野外拓印工作。 翌年，接受美国麦迪森- 威斯康辛大学邀请，作荣誉艺术家赴美。 自此旅居美国。,https://duckduckgo.com/l/?uddg=https%3A%2F%2Fchina1980s.org%2Fsc%2Finterview_detail.aspx%3Finterview_id%3D71&rut=0b3db9f73d6b019d775a99d6fc0abb31cea125039bdc6eb80c70cc42aeb8b3f7,https://duckduckgo.com/html/?q=%E5%BE%90%E5%86%B0%201989%20%E5%9B%9E%E9%A1%BE%20%E8%89%BA%E6%9C%AF%20%E5%B1%95%E8%A7%88,2026-02-11T23:49:26.925069+00:00,徐冰 1989 回顾,
f7c9fc1cf4d15088,Xu Bing - 关于 - 年表,,exhibition,"Xu Bing - 关于 - 年表 xubing.com/cn/about/workhistory 澳门艺术博物馆举办个展""徐冰的文字""个展。 纽约古根海姆美术馆大型群展"" 1989 后的艺术与中国：世界剧场""开幕，《误街》《何处惹尘埃》及《一个转换案例的研究》参展。 美国维京出版社出版第一本由英文方块字书写的中美儿歌儿童读物《Look!",https://duckduckgo.com/l/?uddg=https%3A%2F%2Fxubing.com%2Fcn%2Fabout%2Fworkhistory&rut=0b94621a525af0166dbbf7d1df20c6689d3a85a87383cba3d6149b30ee763c29,https://duckduckgo.com/html/?q=%E5%BE%90%E5%86%B0%201989%20%E5%9B%9E%E9%A1%BE%20%E8%89%BA%E6%9C%AF%20%E5%B1%95%E8%A7%88,2026-02-11T23:49:26.925272+00:00,徐冰 1989 回顾,
9e1bc1345dec8a92,徐冰（著名版画家、独立艺术家）_百度百科,,other,徐冰（著名版画家、独立艺术家）_百度百科 baike.baidu.com/item/徐冰/17744 徐冰，1955年生于重庆，祖籍浙江温岭。1977年考入中央美术学院版画系，1981年毕业后留校任教，1987年获硕士学位。1990年作为荣誉艺术家移居美国，2008年回国任中央美术学院副院长、教授、博士生导师。现为独立艺术家，生活于纽约。1988年创作装置艺术《天书》，使用自创伪汉字探索文字本质。1999 ...,https://duckduckgo.com/l/?uddg=https%3A%2F%2Fbaike.baidu.com%2Fitem%2F%25E5%25BE%2590%25E5%2586%25B0%2F17744&rut=0c3e31923e1cd51042ee18dda26f917c620b504342fa014e13f74421ddc00c11,https://duckduckgo.com/html/?q=%E5%BE%90%E5%86%B0%201989%20%E5%9B%9E%E9%A1%BE%20%E8%89%BA%E6%9C%AF%20%E5%B1%95%E8%A7%88,2026-02-11T23:49:26.925588+00:00,徐冰 1989 回顾,
2cafd8d677dcbcb9,徐冰：思想与方法 | Ucca尤伦斯当代艺术中心,,exhibition,徐冰：思想与方法 | Ucca尤伦斯当代艺术中心 ucca.org.cn/exhibition/xu-bing/audios/ 欢迎来到UCCA参观展览《徐冰：思想与方法》，作为在国际舞台最具影响力的艺术家之一，徐冰一直以来致力于在东西方文化之间进行相互转换，超越文化界限，用视觉语言表达思想和现实问题。 本次回顾展为艺术家近年来在北京地区最全面的个展。,https://duckduckgo.com/l/?uddg=https%3A%2F%2Fucca.org.cn%2Fexhibition%2Fxu%2Dbing%2Faudios%2F&rut=3b174480ba6e06494988fe2db66f9f02df801baee948c02bb4ac16d559be6849,https://duckduckgo.com/html/?q=%E5%BE%90%E5%86%B0%201989%20%E5%9B%9E%E9%A1%BE%20%E8%89%BA%E6%9C%AF%20%E5%B1%95%E8%A7%88,2026-02-11T23:49:26.925699+00:00,徐冰 1989 回顾,
7f3691bbeb64190a,30多年前，中国第一场现代艺术大展 - 知乎专栏,,exhibition,"30多年前，中国第一场现代艺术大展 - 知乎专栏 zhuanlan.zhihu.com/p/354429878 1989 年 2 月 5 日至 19 日，""中国现代艺术展""在北京东城区五四大街的中国美术馆举办，中国 前卫艺术 首次得以集中展示。展览回顾总结了80年代以来的艺术运动和流派，同时也开启了九十年代中国前卫艺术的大门。展览主办方除了《美术》杂志等艺术机构，也包括《读书》杂志和《文化：中国与 ...",https://duckduckgo.com/l/?uddg=https%3A%2F%2Fzhuanlan.zhihu.com%2Fp%2F354429878&rut=a787ce8df5a955fcb8041ae2bc61260280781bf68fc1355da03ac8de9acfb6c5,https://duckduckgo.com/html/?q=%E5%BE%90%E5%86%B0%201989%20%E5%9B%9E%E9%A1%BE%20%E8%89%BA%E6%9C%AF%20%E5%B1%95%E8%A7%88,2026-02-11T23:49:26.925813+00:00,徐冰 1989 回顾,
85305d09eb06867a,89现代艺术展 国内 艺术思潮 大史记 艺术档案 - artda.cn,1989年2月5,exhibition,89现代艺术展 国内 艺术思潮 大史记 艺术档案 - artda.cn www.artda.cn/yishusichaoguonei-c-3051.html 展览名称：中国现代艺术展 展览城市：北京 展览地址：北京市东城区五四大街一号 开幕时间：1989年2月5日 展览时间： 1989 -02-05 至 1989 -02-19 展览地点：中国美术馆 策 展 人：高名潞（展览筹备委员会负责人）、栗宪庭（负责展厅设计）、费大为（负责对外联络宣传）、孔长安（负责艺术作品销售 ...,https://duckduckgo.com/l/?uddg=https%3A%2F%2Fwww.artda.cn%2Fyishusichaoguonei%2Dc%2D3051.html&rut=12fd9c932e1c369b90a6cb0c0c0f5331f2adfad02bbe1ff725a33b84e3e06fc7,https://duckduckgo.com/html/?q=%E5%BE%90%E5%86%B0%201989%20%E5%9B%9E%E9%A1%BE%20%E8%89%BA%E6%9C%AF%20%E5%B1%95%E8%A7%88,2026-02-11T23:49:26.926036+00:00,徐冰 1989 回顾,1989-02-05
54e9b1fe050826d5,徐冰 - 维基百科，自由的百科全书,,other,"徐冰 - 维基百科，自由的百科全书 zh.wikipedia.org/wiki/徐冰 徐冰 （1955年—），男，祖籍 浙江 溫嶺，生於 重庆， 中國 當代藝術家，現居 北京 、 紐約，師從 詹建俊 、 羅爾純 和 古元 等名家，其為人所知的大部分作品皆與文字有關，如使用全新創造的""漢字""寫成的 天書；又如以漢字思維書寫英文單詞的方式""英文方块字""。",https://duckduckgo.com/l/?uddg=https%3A%2F%2Fzh.wikipedia.org%2Fwiki%2F%25E5%25BE%2590%25E5%2586%25B0&rut=fc0ced6ccda45f46adc4a6b31302ec500523405c84f4388666a00d2dcb8aca19,https://duckduckgo.com/html/?q=%E5%BE%90%E5%86%B0%201989%20%E5%9B%9E%E9%A1%BE%20%E8%89%BA%E6%9C%AF%20%E5%B1%95%E8%A7%88,2026-02-11T23:49:26.926157+00:00,徐冰 1989 回顾,
8f86550d7a30f609,徐冰的艺术世界：过去与未来 - 访谈 - 观点 - 中央美术学院艺术资讯网-CAFA Art Info,,exhibition,徐冰的艺术世界：过去与未来 - 访谈 - 观点 - 中央美术学院艺术资讯网-CAFA Art Info www.cafa.com.cn/cn/opinions/interviews/details/54128 同在2007年，徐冰也被提名为中央美术学院副院长候选人，在当局看来，徐冰在艺术的影响上已到达一定相当高度，从中国走出去，再到中国来，圆圈式的发展形质赋予了徐冰新的艺术使命，在另一方面也证明了徐冰在当代艺术语境中无可争议的地位。,https://duckduckgo.com/l/?uddg=https%3A%2F%2Fwww.cafa.com.cn%2Fcn%2Fopinions%2Finterviews%2Fdetails%2F54128&rut=120a2edbdc366754ebbef67cda0f7c2f155a815a24e910445cb97aba381d41c1,https://duckduckgo.com/html/?q=%E5%BE%90%E5%86%B0%201989%20%E5%9B%9E%E9%A1%BE%20%E8%89%BA%E6%9C%AF%20%E5%B1%95%E8%A7%88,2026-02-11T23:49:26.926264+00:00,徐冰 1989 回顾,
a8933687eddb9f40,"1989""中国现代艺术大展""研究（节选） CAFA Art Museum",1989年2月5,exhibition,"1989""中国现代艺术大展""研究（节选） CAFA Art Museum www.cafamuseum.org/en/exhibit/newsdetail/2279 1989 ""中国现代艺术大展""研究（节选） 1989年2月5日上午9时，""中国现代艺术大展（China／Avant-Garde）""在北京的中国美术馆宣布开幕，展览海报上的""不准掉头""标志十分引人注目。",https://duckduckgo.com/l/?uddg=https%3A%2F%2Fwww.cafamuseum.org%2Fen%2Fexhibit%2Fnewsdetail%2F2279&rut=d0f73edd10f49623b0cad5cbc7d56c8e82305fcb81164271ddbc869884bab19d,https://duckduckgo.com/html/?q=%E5%BE%90%E5%86%B0%201989%20%E5%9B%9E%E9%A1%BE%20%E8%89%BA%E6%9C%AF%20%E5%B1%95%E8%A7%88,2026-02-11T23:49:26.926419+00:00,徐冰 1989 回顾,1989-02-05
6230fc629c445aa1,徐冰 - 维基百科，自由的百科全书,,other,"徐冰 - 维基百科，自由的百科全书 zh.wikipedia.org/zh/徐冰 徐冰 （1955年—），男，祖籍 浙江 溫嶺，生於 重庆， 中國 當代藝術家，現居 北京 、 紐約，師從 詹建俊 、 羅爾純 和 古元 等名家，其為人所知的大部分作品皆與文字有關，如使用全新創造的""漢字""寫成的 天書；又如以漢字思維書寫英文單詞的方式""英文方块字""。",https://duckduckgo.com/l/?uddg=https%3A%2F%2Fzh.wikipedia.org%2Fzh%2F%25E5%25BE%2590%25E5%2586%25B0&rut=64a910c45ed9633fd910525f3993f62e817c7ad6f6685ad2336aef4d92369317,https://duckduckgo.com/html/?q=%E5%BE%90%E5%86%B0%201989%20%E5%9B%BE%E5%BD%95%20%E8%89%BA%E6%9C%AF%20%E5%B1%95%E8%A7%88,2026-02-11T23:49:30.398560+00:00,徐冰 1989 图录,
57f726607758354c,Xu Bing - 展览 - 1989后的艺术与中国：世界剧场,,exhibition,Xu Bing - 展览 - 1989后的艺术与中国：世界剧场 www.xubing.com/cn/exhibition/details/536 作品 展览 新闻 资料库 关于 中文 | English,https://duckduckgo.com/l/?uddg=https%3A%2F%2Fwww.xubing.com%2Fcn%2Fexhibition%2Fdetails%2F536&rut=afe1bfba81166626e69543d6f9fbee1a13100de0c4c72d0ee6b755c3f934e21b,https://duckduckgo.com/html/?q=%E5%BE%90%E5%86%B0%201989%20%E5%9B%BE%E5%BD%95%20%E8%89%BA%E6%9C%AF%20%E5%B1%95%E8%A7%88,2026-02-11T23:49:30.398786+00:00,徐冰 1989 图录,
c29d9a9f5e0abd18,徐冰：思想与方法 | Ucca尤伦斯当代艺术中心,,exhibition,徐冰：思想与方法 | Ucca尤伦斯当代艺术中心 www.ucca.org.cn/exhibition/xu-bing/ UCCA尤伦斯当代艺术中心是中国领先的当代艺术机构。UCCA秉持艺术可以深入生活、跨越边界的理念，每年为超过百万的观众带来丰富的艺术展览、公共项目和研究计划。,https://duckduckgo.com/l/?uddg=https%3A%2F%2Fwww.ucca.org.cn%2Fexhibition%2Fxu%2Dbing%2F&rut=3afa659e18c5b7b879897df858c1f323d71214dc4beb7fda10bfaa1041c925c9,https://duckduckgo.com/html/?q=%E5%BE%90%E5%86%B0%201989%20%E5%9B%BE%E5%BD%95%20%E8%89%BA%E6%9C%AF%20%E5%B1%95%E8%A7%88,2026-02-11T23:49:30.399329+00:00,徐冰 1989 图录,
074238dd4206bc2b,"《1989""中国现代艺术展"", 美术馆内》 - Red Brick Art Museum",1989年2月5,exhibition,"《1989""中国现代艺术展"", 美术馆内》 - Red Brick Art Museum www.redbrickartmuseum.org/collections/《1989中国现代艺术展-美术馆内》/ 红砖美术馆收藏 © 温普林中国前卫艺术档案 介绍 1989年2月5日,""中国现代艺术展""在中国美术馆开幕, 展览汇集了'85 新潮 ...",https://duckduckgo.com/l/?uddg=http%3A%2F%2Fwww.redbrickartmuseum.org%2Fcollections%2F%25E3%2580%258A1989%25E4%25B8%25AD%25E5%259B%25BD%25E7%258E%25B0%25E4%25BB%25A3%25E8%2589%25BA%25E6%259C%25AF%25E5%25B1%2595%2D%25E7%25BE%258E%25E6%259C%25AF%25E9%25A6%2586%25E5%2586%2585%25E3%2580%258B%2F&rut=7f762164f8647b84166e157b74f2890e967bba73a732701cd0008956c32543df,https://duckduckgo.com/html/?q=%E5%BE%90%E5%86%B0%201989%20%E5%9B%BE%E5%BD%95%20%E8%89%BA%E6%9C%AF%20%E5%B1%95%E8%A7%88,2026-02-11T23:49:30.399774+00:00,徐冰 1989 图录,1989-02-05
69f6891fca49d797,Xu Bing 徐冰 | INKstudio,,other,"Xu Bing 徐冰 | INKstudio www.inkstudio.com.cn/zh/artists/97-xu-bing/ 徐冰被广泛认为是当今语言学和符号学方面最重要的观念艺术家之一。曾因其""对社会，尤其在版画和书法领域中作出重要贡献的能力""获得美国麦克·阿瑟天才奖。 徐冰于1955年生于中国重庆，并在北京长大，后进入中央美术学院学习版画艺术。在他的版画学习阶段，文革、禅宗、以及他对意义与 ...",https://duckduckgo.com/l/?uddg=https%3A%2F%2Fwww.inkstudio.com.cn%2Fzh%2Fartists%2F97%2Dxu%2Dbing%2F&rut=98690248b584591a4c5e730233642188c98e8230ba04fbc916e394eedbffa040,https://duckduckgo.com/html/?q=%E5%BE%90%E5%86%B0%201989%20%E5%9B%BE%E5%BD%95%20%E8%89%BA%E6%9C%AF%20%E5%B1%95%E8%A7%88,2026-02-11T23:49:30.399891+00:00,徐冰 1989 图录,
96ece8a5b4eb8a86,徐冰：思想与方法 (豆瓣) - 豆瓣读书,,other,徐冰：思想与方法 (豆瓣) - 豆瓣读书 book.douban.com/subject/35349491/ 徐冰， 1987 年毕业于中央美术学院，获硕 士学位。 1990 年接受美国威斯康辛大学的邀请，作为荣誉艺术家移居美国。 2008年回国，现为中央美术学院教授、博士生导师。其代表作有 《天书 》《 地书 》《 凤凰 》 《何处惹尘埃》等，被中国美术馆、伦敦大英博物馆、澳利亚国家画廊等内外各大收藏 ...,https://duckduckgo.com/l/?uddg=https%3A%2F%2Fbook.douban.com%2Fsubject%2F35349491%2F&rut=880875caf61a6aaff8d019af658653737a833e08cfe942d7c8ba1cbcd2c50a27,https://duckduckgo.com/html/?q=%E5%BE%90%E5%86%B0%201989%20%E5%9B%BE%E5%BD%95%20%E8%89%BA%E6%9C%AF%20%E5%B1%95%E8%A7%88,2026-02-11T23:49:30.400001+00:00,徐冰 1989 图录,
fcfc8949a9e5a003,徐冰 - 维基百科，自由的百科全书,,other,"徐冰 - 维基百科，自由的百科全书 zh.wikipedia.org/zh-hans/徐冰 徐冰 （1955年—），男，祖籍 浙江 温岭，生于 重庆， 中国 当代艺术家，现居 北京 、 纽约，师从 詹建俊 、 罗尔纯 和 古元 等名家，其为人所知的大部分作品皆与文字有关，如使用全新创造的""汉字""写成的 天书；又如以汉字思维书写英文单词的方式""英文方块字""。",https://duckduckgo.com/l/?uddg=https%3A%2F%2Fzh.wikipedia.org%2Fzh%2Dhans%2F%25E5%25BE%2590%25E5%2586%25B0&rut=a51f56eed073b1661651c01709e2ce9ed560fab01953d9a4380e85a4d56f781c,https://duckduckgo.com/html/?q=%E5%BE%90%E5%86%B0%201989%20%E5%B1%95%E8%A7%88%20%E8%89%BA%E6%9C%AF%20%E5%B1%95%E8%A7%88,2026-02-11T23:49:33.849727+00:00,徐冰 1989 展览,
a08e7aedca365c63,"""徐冰：思想与方法""展览设计团队：一定要从外部判断 - 访谈 - 观点 - 中央美术学院艺术资讯网-CAFA Art Info",,exhibition,"""徐冰：思想与方法""展览设计团队：一定要从外部判断 - 访谈 - 观点 - 中央美术学院艺术资讯网-CAFA Art Info www.cafa.com.cn/cn/opinions/interviews/details/5410389 尤伦斯当代艺术中心（UCCA）策划的大型回顾性个展""徐冰：思想与方法""自开展以来获得了众多的关注。本展览是艺术家徐冰在北京地区最全面的回顾性个展，力图全面梳理艺术家自上世纪七十年代开始，至今四十余年的创作历程，囊括以版画、素描、装置、文献记录、手稿、影像、纪录片等为 ...",https://duckduckgo.com/l/?uddg=https%3A%2F%2Fwww.cafa.com.cn%2Fcn%2Fopinions%2Finterviews%2Fdetails%2F5410389&rut=58491e912971ded84b04779a15809b819a3cd5754ea9f2d0f50dce3733504550,https://duckduckgo.com/html/?q=%E5%BE%90%E5%86%B0%201989%20%E5%B1%95%E8%A7%88%20%E8%89%BA%E6%9C%AF%20%E5%B1%95%E8%A7%88,2026-02-11T23:49:33.850131+00:00,徐冰 1989 展览,
61494f5bfaf6e897,徐冰 - artforum.com.cn,1994-20,exhibition,"徐冰 - artforum.com.cn www.artforum.com.cn/print/201809/11703 徐冰，《英文方块字书法》（局部），1994-2018，纸本水墨，六联，每联74 × 39""。 展览标题""思想与方法""听起来可能过于学究，毕竟艺术家的作品是如此直接地与规模和过剩相关，不过也因此，标题淡化了徐冰作品的夸张修辞，而强调出他的思想方法和野心。",https://duckduckgo.com/l/?uddg=https%3A%2F%2Fwww.artforum.com.cn%2Fprint%2F201809%2F11703&rut=462d3a258abb8342e79b91c05b9767e09a77e886ef597808077665d1864f9f88,https://duckduckgo.com/html/?q=%E5%BE%90%E5%86%B0%201989%20%E5%B1%95%E8%A7%88%20%E8%89%BA%E6%9C%AF%20%E5%B1%95%E8%A7%88,2026-02-11T23:49:33.850267+00:00,徐冰 1989 展览,
3534914549d8f98d,搜尋 | Li Xianting Archive 栗憲庭檔案 | 亞洲藝術文獻庫 - AAA,1979-19,exhibition,搜尋 | Li Xianting Archive 栗憲庭檔案 | 亞洲藝術文獻庫 - AAA aaa.org.hk/tc/collections/search/archive/li-xianting-archive 文獻庫仍在整理栗憲庭檔案，期間檔案內容將分次公開。首批資料由超過400項資料組成，佔全檔案約百分之五，將於2018年八月完成上載。其內容包括1970年代末至1980年中期的展覽資料，涵蓋《星星畫展》（1979-1980年間），《野草同人畫展》（1980年）及《西安首屆現代藝術展》（1981年）等展覽；另外 ...,https://duckduckgo.com/l/?uddg=https%3A%2F%2Faaa.org.hk%2Ftc%2Fcollections%2Fsearch%2Farchive%2Fli%2Dxianting%2Darchive&rut=b915924d6471ca9039a2a603eae78ddaf0664322c4dbf575bc2464d5161b5c50,https://duckduckgo.com/html/?q=%E6%A0%97%E5%AE%AA%E5%BA%AD%201984%20%E7%A0%94%E8%AE%A8%20%E8%89%BA%E6%9C%AF%20%E5%B1%95%E8%A7%88,2026-02-11T23:50:57.086668+00:00,栗宪庭 1984 研讨,
0e1060f10a95e196,栗宪庭 - 维基百科，自由的百科全书,,exhibition,"栗宪庭 - 维基百科，自由的百科全书 zh.wikipedia.org/wiki/栗宪庭 90年代末，栗宪庭担任过""尸体艺术""展览《对伤害的迷恋》的策划人，以支持更年轻的艺术家所从事的激进行为。 2000年以后，栗宪庭的艺术活动逐渐减少，2003年在北京大山子地区的东京画廊所策划的展览《念珠与笔触》是近年来极少数的展览之一。",https://duckduckgo.com/l/?uddg=https%3A%2F%2Fzh.wikipedia.org%2Fwiki%2F%25E6%25A0%2597%25E5%25AE%25AA%25E5%25BA%25AD&rut=aa06ab58a053e994396c74d98b77d9eff7c86f39ea5a46e5c4cc626ccf84e779,https://duckduckgo.com/html/?q=%E6%A0%97%E5%AE%AA%E5%BA%AD%201984%20%E7%A0%94%E8%AE%A8%20%E8%89%BA%E6%9C%AF%20%E5%B1%95%E8%A7%88,2026-02-11T23:50:57.086835+00:00,栗宪庭 1984 研讨,
dd806846d62a4ab0,栗宪庭_百度百科,,exhibition,"栗宪庭_百度百科 baike.baidu.com/item/栗宪庭/5282720 栗宪庭在《美术》杂志期间推出"" 伤痕美术 """"乡土美术""及""上海十二人画展"""" 星星美展 ""等艺术现象。 [1] [3]1985年后参与""八五美术思潮""推广，1989年策划北京中国美术馆《中国现代艺术展》。1990年代提出"" 政治波普 """"玩世现实主义""等概念，策划《后89中国新艺术展》等国际展览 ...",https://duckduckgo.com/l/?uddg=https%3A%2F%2Fbaike.baidu.com%2Fitem%2F%25E6%25A0%2597%25E5%25AE%25AA%25E5%25BA%25AD%2F5282720&rut=cc32c405b93b1b2dadcb165c570567a7701a71d86d20e44986698f11826b6ec2,https://duckduckgo.com/html/?q=%E6%A0%97%E5%AE%AA%E5%BA%AD%201984%20%E7%A0%94%E8%AE%A8%20%E8%89%BA%E6%9C%AF%20%E5%B1%95%E8%A7%88,2026-02-11T23:50:57.086969+00:00,栗宪庭 1984 研讨,
3b5c1751b2b7f2ba,栗宪庭：中国百年艺术思潮 - 独立中文笔会,,other,"栗宪庭：中国百年艺术思潮 - 独立中文笔会 www.chinesepen.org/blog/archives/121393 一、 1980 年代的艺术，一开始就是把毛模式作为反叛起点的。我把整个1980 年代分成3 个时期： 1979 年～ 1984 年，这个阶段是整个政治上的拨乱反正。在艺术上我们可以看到两条明显的线索，都是针对""五四""到毛模式艺术观念的：一条是对写实主义的反叛;一条是对写实主义的校正。 对写实主义的 ...",https://duckduckgo.com/l/?uddg=https%3A%2F%2Fwww.chinesepen.org%2Fblog%2Farchives%2F121393&rut=7f8928f12cd2d292733f82168e47c80d1e76923ab44985f5945dfe039d6c7e22,https://duckduckgo.com/html/?q=%E6%A0%97%E5%AE%AA%E5%BA%AD%201984%20%E7%A0%94%E8%AE%A8%20%E8%89%BA%E6%9C%AF%20%E5%B1%95%E8%A7%88,2026-02-11T23:50:57.087101+00:00,栗宪庭 1984 研讨,
64e8389882a346a1,专访 | 栗宪庭：艺术应刺痛麻木_艺术评论_澎湃新闻-The Paper,2025-06-20,exhibition,"专访 | 栗宪庭：艺术应刺痛麻木_艺术评论_澎湃新闻-The Paper www.thepaper.cn/newsDetail_forward_31013942 2025-06-20T00:00:00.0000000 在中国当代艺术界，被称作老栗的栗宪庭曾被视为""教父""一般的存在。 这位76岁的老人，须发皆白，若隐若现地离开当代艺术界已经很久了，近日，栗宪庭参与策划了内蒙古呼和浩特的西贝当代艺术馆开馆首展并接受了澎湃新闻采访，他说："" 当代艺术的本质是'真实面对生存体验'，而非追逐 ...",https://duckduckgo.com/l/?uddg=https%3A%2F%2Fwww.thepaper.cn%2FnewsDetail_forward_31013942&rut=2b5262913358a9dbd4143d87ca9c049cc7c37d3c49ccea713454f21e4f1a7468,https://duckduckgo.com/html/?q=%E6%A0%97%E5%AE%AA%E5%BA%AD%201984%20%E7%A0%94%E8%AE%A8%20%E8%89%BA%E6%9C%AF%20%E5%B1%95%E8%A7%88,2026-02-11T23:50:57.087346+00:00,栗宪庭 1984 研讨,2025-06-20
3f6e4a7854e1770d,栗宪庭简介 - pekinger-fruehling.univie.ac.at,,exhibition,"栗宪庭简介 - pekinger-fruehling.univie.ac.at pekinger-fruehling.univie.ac.at/访谈抄写/栗宪庭/ 栗宪庭简介 他1949年出生于吉林省，1978年毕业于中央美术学院中国画系。1979年至1983年任《美术》杂志编辑，时值中国刚刚改革开发，力图从文化战略的角度把握当代艺术的新变化。 栗宪庭利用这一机会推出""伤痕美术""、"" 乡土美术""和具有现代主义倾向的""上海十二人画展""。 他也是当时唯一 ...",https://duckduckgo.com/l/?uddg=https%3A%2F%2Fpekinger%2Dfruehling.univie.ac.at%2F%25E8%25AE%25BF%25E8%25B0%2588%25E6%258A%2584%25E5%2586%2599%2F%25E6%25A0%2597%25E5%25AE%25AA%25E5%25BA%25AD%2F&rut=cb99b5a528245d3d6de82e360db3c516bee52e22ec075bcbca8cb90ff4f27549,https://duckduckgo.com/html/?q=%E6%A0%97%E5%AE%AA%E5%BA%AD%201984%20%E7%A0%94%E8%AE%A8%20%E8%89%BA%E6%9C%AF%20%E5%B1%95%E8%A7%88,2026-02-11T23:50:57.087487+00:00,栗宪庭 1984 研讨,
1eb5f0e86ccde8b5,未来的材料纪录1980-1990 中国当代艺术,1980-19,exhibition,未来的材料纪录1980-1990 中国当代艺术 china1980s.org/sc/interview_detail.aspx?interview_id=60 1989年2月，《中国现代艺术展》在北京中国美术馆举行，栗宪庭是该展览的主要组织者之一。 自1989年起，栗宪庭开始从事独立评论及策展的工作。 1993年，栗宪庭与张颂仁共同策划了《后八九中国新艺术》展览。,https://duckduckgo.com/l/?uddg=https%3A%2F%2Fchina1980s.org%2Fsc%2Finterview_detail.aspx%3Finterview_id%3D60&rut=070d2ebdda4ca1f8fc2cca73b29ee3eb6221486ec0066be7355752795aadd1d2,https://duckduckgo.com/html/?q=%E6%A0%97%E5%AE%AA%E5%BA%AD%201984%20%E7%A0%94%E8%AE%A8%20%E8%89%BA%E6%9C%AF%20%E5%B1%95%E8%A7%88,2026-02-11T23:50:57.087655+00:00,栗宪庭 1984 研讨,
8a28a77d7f362fba,栗宪庭（Li Xianting） 评论家+策展人 人物档案 艺术档案,2006年10,exhibition,"栗宪庭（Li Xianting） 评论家+策展人 人物档案 艺术档案 www.artda.cn/pinglunjiacezhanren-c-1194.html 栗宪庭（Li Xianting） 简历 栗宪庭，当代著名艺术批评家、策展人，被西方知名媒体专栏作家称为""中国当代艺术教父""。 1949年出生于吉林，成长在河北邯郸，现生活、工作于北京； 1978年毕业于中央美术学院中国画系； 1979—1983年任《美术》杂志编辑； 1985—1989年任《中国美术报》编辑； 2006年10月 ...",https://duckduckgo.com/l/?uddg=https%3A%2F%2Fwww.artda.cn%2Fpinglunjiacezhanren%2Dc%2D1194.html&rut=fc4b6bc99af4d117d9fe6f718af77609d0cbe592afcf9e292339c983d685a1f9,https://duckduckgo.com/html/?q=%E6%A0%97%E5%AE%AA%E5%BA%AD%201984%20%E7%A0%94%E8%AE%A8%20%E8%89%BA%E6%9C%AF%20%E5%B1%95%E8%A7%88,2026-02-11T23:50:57.087876+00:00,栗宪庭 1984 研讨,2006-10-12
226e797f5f5d0c69,栗宪庭-艺术产业促进会艺促会顾问| 策展人| 评论员 - 深圳市艺术产业促进会,1993年6,exhibition,栗宪庭-艺术产业促进会艺促会顾问| 策展人| 评论员 - 深圳市艺术产业促进会 szaipa.com/Home/Art/1010 1993年策划《后89中国新艺术展》，地点：香港艺术中心。 1993年6月参与策划《45届国际威尼斯双年展》中国部分《Mao Goe`s Pop》巡回艺术展览，地点：澳大利亚悉尼当代艺术博物馆。 1993年参与策划《从国家意识型态出走》地点：德国汉堡国际前卫文化中心。,https://duckduckgo.com/l/?uddg=http%3A%2F%2Fszaipa.com%2FHome%2FArt%2F1010&rut=52262b8e2e6cc8c5d7e96fb54fba54fa65b5b771e68371dd1c7cb44a080978c1,https://duckduckgo.com/html/?q=%E6%A0%97%E5%AE%AA%E5%BA%AD%201984%20%E7%A0%94%E8%AE%A8%20%E8%89%BA%E6%9C%AF%20%E5%B1%95%E8%A7%88,2026-02-11T23:50:57.088045+00:00,栗宪庭 1984 研讨,1993-06-12
b6545381894756ad,栗宪庭 - 女性艺术家网 - art-woman.com,2018-01-15,other,"栗宪庭 - 女性艺术家网 - art-woman.com www.art-woman.com/CriticArticalDetail.aspx?cid=69&atype=1&aid=469 栗宪庭 栗宪庭：中国百年艺术思潮 2018-01-15 一、 1980 年代的艺术，一开始就是把毛模式作为反叛起点的。我把整个1980 年代分成3 个时期： 1979 年～ 1984 年，这个阶段是整个政治上的拨乱反正。在艺术上我们可以看到两条明显的线索，都是针对""五四""到毛模式艺术观念的：一条是对写实主义的反叛 ...",https://duckduckgo.com/l/?uddg=http%3A%2F%2Fwww.art%2Dwoman.com%2FCriticArticalDetail.aspx%3Fcid%3D69%26atype%3D1%26aid%3D469&rut=9bcf1e51f24474337b07cd53a27e73d1d47cd6b1d087abff9f0020ab330c94e0,https://duckduckgo.com/html/?q=%E6%A0%97%E5%AE%AA%E5%BA%AD%201984%20%E7%A0%94%E8%AE%A8%20%E8%89%BA%E6%9C%AF%20%E5%B1%95%E8%A7%88,2026-02-11T23:50:57.088258+00:00,栗宪庭 1984 研讨,2018-01-15
a6118bb90d44a89b,PDF访问文字 - Aaa,,other,PDF 访问文字 - Aaa cdn.aaa.org.hk/_source/lxt-ft-final.pdf 访问文字纪录 栗宪庭访谈 www.china1980s.org 访问文字纪录,https://duckduckgo.com/l/?uddg=https%3A%2F%2Fcdn.aaa.org.hk%2F_source%2Flxt%2Dft%2Dfinal.pdf&rut=843c6652386f953b1a604ca9a899d821a4cad000fb4a5bcccca4bb4c1f639e33,https://duckduckgo.com/html/?q=%E6%A0%97%E5%AE%AA%E5%BA%AD%201984%20%E8%AE%BF%E8%B0%88%20%E8%89%BA%E6%9C%AF%20%E5%B1%95%E8%A7%88,2026-02-11T23:51:00.827278+00:00,栗宪庭 1984 访谈,
4745ce14507bcbeb,艺术档案 - artda.cn,,exhibition,"艺术档案 - artda.cn www.artda.cn/laosushufang-c-10927.html 1979—1983年任《美术》杂志编辑，推出""伤痕美术""、""乡土美术""和具有现代主义倾向的""上海十二人画展""、""星星美展""等；1985年—1989年任《中国美术报》编辑；1990年以来以独立批评家和策划人的身份活动至今，从""后文革时期""、""85新潮""、""政治 ...",https://duckduckgo.com/l/?uddg=https%3A%2F%2Fwww.artda.cn%2Flaosushufang%2Dc%2D10927.html&rut=3a9224d3c0693e124297f03406956c6fd63438db41434148d14a3e69aac8c8a2,https://duckduckgo.com/html/?q=%E6%A0%97%E5%AE%AA%E5%BA%AD%201984%20%E8%AE%BF%E8%B0%88%20%E8%89%BA%E6%9C%AF%20%E5%B1%95%E8%A7%88,2026-02-11T23:51:00.828230+00:00,栗宪庭 1984 访谈,
3e919e88ef5d4c03,专访 | 栗宪庭：艺术应刺痛麻木 - 澎湃新闻,2025-06-20,exhibition,"专访 | 栗宪庭：艺术应刺痛麻木 - 澎湃新闻 m.thepaper.cn/newsDetail_forward_31013942 2025-06-20T00:00:00.0000000 在中国当代艺术界，被称作老栗的栗宪庭曾被视为""教父""一般的存在。 这位76岁的老人，须发皆白，若隐若现地离开当代艺术界已经很久了，近日，栗宪庭参与策划了内蒙古呼和浩特的西贝当代艺术馆开馆首展并接受了澎湃新闻采访，他说："" 当代艺术的本质是'真实面对生存体验'，而非追逐 ...",https://duckduckgo.com/l/?uddg=https%3A%2F%2Fm.thepaper.cn%2FnewsDetail_forward_31013942&rut=b8ace79f758e78f8954ed17508b3d8fc2121cc88715bede34740fd0aa5fa79f4,https://duckduckgo.com/html/?q=%E6%A0%97%E5%AE%AA%E5%BA%AD%201984%20%E8%AE%BF%E8%B0%88%20%E8%89%BA%E6%9C%AF%20%E5%B1%95%E8%A7%88,2026-02-11T23:51:00.828605+00:00,栗宪庭 1984 访谈,2025-06-20
13c78cc9bc5880ac,两声枪响:现代艺术的谢幕礼! / 栗宪庭_《对话》文献_文献_肖鲁工作室,2025-08-17,exhibition,两声枪响:现代艺术的谢幕礼! / 栗宪庭_《对话》文献_文献_肖鲁工作室 en.xiaolu.com.au/index.php?c=show&id=98 2025-08-17T00:00:00.0000000 这个行为被称为艺术和它所获得的意义与它所处环境及时间是分不开的。 1.北京的腹地，重要的公共场合，一个敏感的展览，这赋予枪声以震撼力。 在这个意义上，整个展览被变成了唐宋、肖鲁这个作品的一个局部。,https://duckduckgo.com/l/?uddg=https%3A%2F%2Fen.xiaolu.com.au%2Findex.php%3Fc%3Dshow%26id%3D98&rut=3f4f1c60f3a7fa577202a866e0235f2fad85a62bb415cdcc8573c1e806edd885,https://duckduckgo.com/html/?q=%E6%A0%97%E5%AE%AA%E5%BA%AD%201984%20%E8%AF%84%E8%AE%BA%20%E8%89%BA%E6%9C%AF%20%E5%B1%95%E8%A7%88,2026-02-11T23:51:04.349067+00:00,栗宪庭 1984 评论,2025-08-17
87a5f443e0a69d83,"PDF策展30年： ""是时候建立中国策展学了""",2019-01/06,exhibition,"PDF 策展30年： ""是时候建立中国策展学了"" nepaper.ccdy.cn/page/1/2019-01/06/1/201901061_pdf.PDF 在中国的策展实践中，同样有许 多鲜明的记忆让人难忘。 随着改革开放的深入，艺术的生 产力和创造力被大大解放，艺术的探 索和实践也逐渐丰富起来，这为集合 艺术作品形成展览并进行推广和传播 提供了必备条件。 在 1990年至 2000 年的10年间，受社会变革的促动，中国 当代艺术迅猛发展，艺术 ...",https://duckduckgo.com/l/?uddg=https%3A%2F%2Fnepaper.ccdy.cn%2Fpage%2F1%2F2019%2D01%2F06%2F1%2F201901061_pdf.PDF&rut=fd3ef6c5b961aeaed733f7b8219ec742bcc57577e0a0c3947b1a8b469286b3be,https://duckduckgo.com/html/?q=%E6%A0%97%E5%AE%AA%E5%BA%AD%201984%20%E8%AF%84%E8%AE%BA%20%E8%89%BA%E6%9C%AF%20%E5%B1%95%E8%A7%88,2026-02-11T23:51:04.349372+00:00,栗宪庭 1984 评论,2019-01-06
cf8042c685ba22bd,栗宪庭 | 艺术家 | Artlinkart | 当代艺术数据库,,exhibition,栗宪庭 | 艺术家 | Artlinkart | 当代艺术数据库 www.artlinkart.com/cn/artist/txt_ab/425auxn 1991年，给栗宪庭的一封信 文 费大为 1989年我出国以后，经常给国内很多朋友写信，但我从没收到过栗宪庭的回信。 1990年以后，我在国外策划了两次展览。1991年在日本办完《非常口》展览以后，从北京来的参展艺术家王鲁炎回北京告诉栗宪庭，请他关注这些在国外的活动。于是我收到了栗宪庭的这 ...,https://duckduckgo.com/l/?uddg=https%3A%2F%2Fwww.artlinkart.com%2Fcn%2Fartist%2Ftxt_ab%2F425auxn&rut=06add18100d1bd5f209d8393e2e2a7457c8a23177bdb5108b8b726756752d589,https://duckduckgo.com/html/?q=%E6%A0%97%E5%AE%AA%E5%BA%AD%201984%20%E8%AF%84%E8%AE%BA%20%E8%89%BA%E6%9C%AF%20%E5%B1%95%E8%A7%88,2026-02-11T23:51:04.349497+00:00,栗宪庭 1984 评论,
b200a1dc848cedf6,"艺术观察丨""星星美展""四十周年，回望激越思想时代",,exhibition,"艺术观察丨""星星美展""四十周年，回望激越思想时代 m.bjnews.com.cn/detail/157796302014486.html 此次展览由巫鸿及容思玉 （Holly Roussell） 策展，聚焦首届星星美展，呈现大量有关的珍贵的文献资料，还原其起源和经过。 学界对1980和1990年代的中国当代艺术展览及行为给予了相当的关注，但深入讨论""星星""的丰富历史的写作却还不多。",https://duckduckgo.com/l/?uddg=https%3A%2F%2Fm.bjnews.com.cn%2Fdetail%2F157796302014486.html&rut=8ce3922d83e961b6ad1dfa85a412fa88bd1eacc8d6e3d2dc145310bef41e1305,https://duckduckgo.com/html/?q=%E6%A0%97%E5%AE%AA%E5%BA%AD%201984%20%E8%AF%84%E8%AE%BA%20%E8%89%BA%E6%9C%AF%20%E5%B1%95%E8%A7%88,2026-02-11T23:51:04.349600+00:00,栗宪庭 1984 评论,
